# Force and moment coefficients
# dragDir           : (1.000000000000e+00 0.000000000000e+00 0.000000000000e+00)
# sideDir           : (0.000000000000e+00 1.000000000000e+00 0.000000000000e+00)
# liftDir           : (0.000000000000e+00 0.000000000000e+00 1.000000000000e+00)
# rollAxis          : (1.000000000000e+00 0.000000000000e+00 0.000000000000e+00)
# pitchAxis         : (0.000000000000e+00 1.000000000000e+00 0.000000000000e+00)
# yawAxis           : (0.000000000000e+00 0.000000000000e+00 1.000000000000e+00)
# magUInf           : 4.000000000000e+01
# lRef              : 1.044000000000e+00
# Aref              : 1.120000000000e-01
# CofR              : (0.000000000000e+00 0.000000000000e+00 0.000000000000e+00)
#
# Time              	Cd                  	Cd(f)               	Cd(r)               	Cl                  	Cl(f)               	Cl(r)               	CmPitch             	CmRoll              	CmYaw               	Cs                  	Cs(f)               	Cs(r)               
1                   	6.720801375625e-01	3.339365290409e-01	3.381436085216e-01	-5.634058852966e-02	5.368032664059e-02	-1.100209151702e-01	8.185062090542e-02	-2.103539740349e-03	4.547948366381e-03	1.216693868787e-02	1.063141771032e-02	1.535520977556e-03
2                   	1.221623338482e+00	6.090140200510e-01	6.126093184307e-01	5.988054290660e-02	6.094448901293e-02	-1.063946106328e-03	3.100421755963e-02	-1.797649189866e-03	2.593289678711e-03	6.167600357296e-03	5.677089857359e-03	4.905104999373e-04
3                   	1.005466646691e+00	5.026944903271e-01	5.027721563638e-01	1.921299611651e-01	1.058661674759e-02	1.815433444176e-01	-8.547836383498e-02	-3.883301833441e-05	-2.131787905717e-03	-5.983502948031e-03	-5.123539379732e-03	-8.599635682983e-04
4                   	1.832845304581e-01	9.288783488633e-02	9.039669557173e-02	2.798555166367e-01	-6.831462206897e-02	3.481701387057e-01	-2.082423803873e-01	1.245569657300e-03	-5.721584626916e-03	-1.343803782592e-02	-1.244060353987e-02	-9.974342860432e-04
5                   	-3.635861962285e-01	-1.799824879070e-01	-1.836037083215e-01	3.594177221115e-01	-1.213028175771e-01	4.807205396886e-01	-3.010116786329e-01	1.810610207206e-03	-7.370405692996e-03	-1.801217897922e-02	-1.637649518261e-02	-1.635683796615e-03
6                   	-1.422139152975e-01	-6.954263368135e-02	-7.267128161612e-02	4.755949861759e-01	-1.174740543929e-01	5.930690405688e-01	-3.552715474808e-01	1.564323967387e-03	-6.334903910097e-03	-1.916293073277e-02	-1.591636927648e-02	-3.246561456287e-03
7                   	5.939424013236e-01	2.977698881263e-01	2.961725131973e-01	5.807532877048e-01	-7.743485048589e-02	6.581881381907e-01	-3.678114943383e-01	7.986874645094e-04	-3.694194751489e-03	-1.606835608143e-02	-1.172837279220e-02	-4.339983289225e-03
8                   	1.106459863124e+00	5.528919308177e-01	5.535679323064e-01	6.483368165972e-01	-6.858704442552e-02	7.169238610227e-01	-3.927554527241e-01	-3.380007443646e-04	-1.034203018400e-03	-8.523362720506e-03	-5.295884378653e-03	-3.227478341852e-03
9                   	1.010542042897e+00	5.043371358183e-01	5.062049070788e-01	7.049939179261e-01	-1.221752277857e-01	8.271691457118e-01	-4.746721867487e-01	-9.338856302310e-04	-4.027625577684e-04	-1.287724772727e-03	-1.046624944132e-03	-2.410998285952e-04
10                  	5.234230337387e-01	2.610292921680e-01	2.623937415707e-01	7.304162499290e-01	-1.865918121314e-01	9.170080620604e-01	-5.517999370959e-01	-6.822247013798e-04	-8.854922453192e-04	1.659296081905e-03	-5.584420436675e-05	1.715140286272e-03
11                  	1.421935476297e-01	7.129365743127e-02	7.089989019846e-02	7.079775743416e-01	-1.980726471736e-01	9.060502215153e-01	-5.520614343444e-01	1.968836164046e-04	-1.152884388604e-03	-7.161060160079e-04	-1.510937396608e-03	7.948313805996e-04
12                  	1.569677335807e-01	7.934999705997e-02	7.761773652071e-02	6.380200743267e-01	-1.430392223809e-01	7.810592967076e-01	-4.620492595442e-01	8.661302696310e-04	-5.154578031961e-05	-4.450414772427e-03	-2.276753166533e-03	-2.173661605894e-03
13                  	4.618907763000e-01	2.317204019961e-01	2.301703743039e-01	5.365121336235e-01	-6.843354988017e-02	6.049456835037e-01	-3.366896166919e-01	7.750138461145e-04	1.909263154129e-03	-4.689735936477e-03	-4.356048141097e-04	-4.254131122367e-03
14                  	7.353286197646e-01	3.677691080153e-01	3.675595117494e-01	4.393119393031e-01	-3.320699304543e-02	4.725189323486e-01	-2.528629626970e-01	1.047981329657e-04	3.622624142258e-03	5.965196818818e-04	3.920883983199e-03	-3.324364301317e-03
15                  	7.546561365928e-01	3.766858104115e-01	3.779703261813e-01	3.604738568942e-01	-5.013192909603e-02	4.106057859903e-01	-2.303688575432e-01	-6.422578848992e-04	4.121227986772e-03	7.705739415894e-03	7.974097694719e-03	-2.683582788251e-04
16                  	5.519837324868e-01	2.750990132059e-01	2.768847192809e-01	3.005741004762e-01	-7.861441483028e-02	3.791885153065e-01	-2.289014650684e-01	-8.928530375334e-04	3.662572032882e-03	1.231632152335e-02	9.820732794559e-03	2.495588728795e-03
17                  	3.262340328930e-01	1.625622020020e-01	1.636718308910e-01	2.387576940837e-01	-7.327548212170e-02	3.120331762054e-01	-1.926543291636e-01	-5.548144444760e-04	2.491788470253e-03	1.159212202272e-02	8.287849481615e-03	3.304272541109e-03
18                  	2.479329253559e-01	1.239616890574e-01	1.239712362984e-01	1.599495866356e-01	-2.455812074570e-02	1.845077073813e-01	-1.045329140635e-01	-4.773620513992e-06	1.168270904038e-03	7.360771059786e-03	4.848656433931e-03	2.512114625854e-03
19                  	3.278165510442e-01	1.642548598134e-01	1.635616912308e-01	7.872851603300e-02	3.457604327729e-02	4.415247275572e-02	-4.788214739215e-03	3.465842912560e-04	-2.206158703453e-06	2.654316535369e-03	1.324952108981e-03	1.329364426388e-03
20                  	4.569292179981e-01	2.288717603300e-01	2.280574576681e-01	2.276513341714e-02	6.512108601642e-02	-4.235595259928e-02	5.373851930785e-02	4.071513309758e-04	-6.437783367345e-04	2.631828117781e-04	-5.121869308455e-04	7.753697426236e-04
21                  	5.235242825831e-01	2.621430441789e-01	2.613812384042e-01	1.473228004425e-02	5.521303526335e-02	-4.048075521910e-02	4.784689524122e-02	3.809028873343e-04	-7.669075761870e-04	6.128777587006e-04	-4.604686968367e-04	1.073346455537e-03
22                  	5.027716107324e-01	2.517598332260e-01	2.510117775064e-01	5.875199017078e-02	2.288930584650e-02	3.586268432427e-02	-6.486689238884e-03	3.740278597615e-04	-5.351644192323e-04	1.947645856765e-03	4.386585091504e-04	1.508987347615e-03
23                  	4.452321080755e-01	2.230583517756e-01	2.221737562999e-01	1.405953945244e-01	-7.012490802546e-03	1.476078853269e-01	-7.731018806473e-02	4.422977378329e-04	-7.745565665651e-04	1.751150988498e-03	1.010189276839e-04	1.650132060814e-03
24                  	4.131369144954e-01	2.070670750824e-01	2.060698394130e-01	2.278876681152e-01	-2.211685902349e-02	2.500045271387e-01	-1.360606930811e-01	4.986178347109e-04	-1.412084490275e-03	-1.226308852175e-04	-1.473399932883e-03	1.350769047666e-03
25                  	4.251310057524e-01	2.129498768639e-01	2.121811288885e-01	2.905065503481e-01	-2.666358452671e-02	3.171701348748e-01	-1.719168597008e-01	3.843739877199e-04	-1.841204482405e-03	-1.980772935003e-03	-2.831590949907e-03	8.508180149039e-04
26                  	4.582071367976e-01	2.292966427929e-01	2.289104940047e-01	3.294787254280e-01	-3.302129531730e-02	3.625000207453e-01	-1.977606580313e-01	1.930743940779e-04	-2.075440267915e-03	-3.112677358260e-03	-3.631778947045e-03	5.191015887850e-04
27                  	4.810088594079e-01	2.406590590846e-01	2.403498003233e-01	3.648924359936e-01	-4.967316992091e-02	4.145656059145e-01	-2.321193879177e-01	1.546293806281e-04	-2.043604266209e-03	-3.267657947963e-03	-3.677433240190e-03	4.097752922273e-04
28                  	4.744139139389e-01	2.375462059578e-01	2.368677079812e-01	4.163702633821e-01	-7.505506850518e-02	4.914253318873e-01	-2.832402001962e-01	3.392489883151e-04	-1.697523152101e-03	-2.727162297088e-03	-3.061104300645e-03	3.339420035567e-04
29                  	4.477295640648e-01	2.245276128161e-01	2.232019512487e-01	4.835928225664e-01	-9.863671715256e-02	5.822295397190e-01	-3.404331284358e-01	6.628307837088e-04	-1.589818949004e-03	-2.475300134547e-03	-2.827469016277e-03	3.521688817304e-04
30                  	4.297269422393e-01	2.157413682323e-01	2.139855740069e-01	5.439307390137e-01	-1.101058058572e-01	6.540365448709e-01	-3.820711753641e-01	8.778971127017e-04	-1.591606757082e-03	-2.562840565121e-03	-2.873027039642e-03	3.101864745216e-04
31                  	4.348646170943e-01	2.182558756652e-01	2.166087414291e-01	5.781951516537e-01	-1.098503293112e-01	6.880454809649e-01	-3.989479051381e-01	8.235671180190e-04	-1.072484873459e-03	-2.058433139240e-03	-2.101701443079e-03	4.326830383915e-05
32                  	4.544519651802e-01	2.277630467681e-01	2.266889184121e-01	5.879947090733e-01	-1.054956455588e-01	6.934903546321e-01	-3.994930000955e-01	5.370641780019e-04	5.073190377660e-04	3.541043249499e-04	6.843712002409e-04	-3.302668752910e-04
33                  	4.693579538589e-01	2.349102414009e-01	2.344477124580e-01	5.843333281493e-01	-1.016437571226e-01	6.859770852719e-01	-3.938104211972e-01	2.312644714175e-04	2.421107906631e-03	4.020948945829e-03	4.431582379546e-03	-4.106334337161e-04
34                  	4.707956167711e-01	2.355128504728e-01	2.352827662983e-01	5.743393163993e-01	-9.619319259999e-02	6.705325089993e-01	-3.833628507996e-01	1.150420872865e-04	3.549034362086e-03	7.033523081931e-03	7.065795903052e-03	-3.227282112113e-05
35                  	4.639530209425e-01	2.321983878444e-01	2.317546330981e-01	5.565935050753e-01	-8.450067955368e-02	6.410941846290e-01	-3.627974320914e-01	2.218773731416e-04	3.594435542197e-03	8.524095104759e-03	7.856483094577e-03	6.676120101819e-04
36                  	4.579026653586e-01	2.294800511982e-01	2.284226141604e-01	5.212528671383e-01	-6.361184923310e-02	5.848647163713e-01	-3.242382828022e-01	5.287185189001e-04	2.939757237456e-03	8.572995301383e-03	7.226254888148e-03	1.346740413236e-03
37                  	4.518732083433e-01	2.267056365620e-01	2.251675717813e-01	4.644299680271e-01	-3.714358936178e-02	5.015735573888e-01	-2.693585733753e-01	7.690323903592e-04	1.987292639726e-03	7.444241676659e-03	5.709413478055e-03	1.734828198604e-03
38                  	4.424491778806e-01	2.218448507066e-01	2.206043271741e-01	3.946600612690e-01	-1.247362212531e-02	4.071336833943e-01	-2.098036527598e-01	6.202617662373e-04	1.196221774978e-03	5.836212491738e-03	4.114328020847e-03	1.721884470891e-03
39                  	4.306391811206e-01	2.154569061347e-01	2.151822749859e-01	3.247847097234e-01	4.148074407895e-03	3.206366353156e-01	-1.582442804538e-01	1.373155744044e-04	6.038386902433e-04	3.899688241377e-03	2.553682810932e-03	1.346005430445e-03
40                  	4.185191878752e-01	2.089515396758e-01	2.095676481993e-01	2.608457866792e-01	1.336594335949e-02	2.474798433198e-01	-1.170569499801e-01	-3.080542617453e-04	-7.274175193820e-04	8.329637700522e-04	-3.109356343559e-04	1.143899404408e-03
41                  	4.083442270556e-01	2.036951958728e-01	2.046490311828e-01	2.124404688308e-01	1.844525338752e-02	1.939952154433e-01	-8.777498102789e-02	-4.769176550071e-04	-2.578956900123e-03	-3.393957272767e-03	-4.275935536506e-03	8.819782637393e-04
42                  	4.051886319397e-01	2.022240207669e-01	2.029646111728e-01	1.819561417152e-01	2.238130043240e-02	1.595748412828e-01	-6.859677042519e-02	-3.702952029879e-04	-4.480280933800e-03	-7.730125602431e-03	-8.345343735016e-03	6.152181325843e-04
43                  	4.063686944517e-01	2.031034907008e-01	2.032652037510e-01	1.670517696719e-01	2.512635391655e-02	1.419254157554e-01	-5.839953091940e-02	-8.085652510141e-05	-5.465163717297e-03	-1.065771027728e-02	-1.079401885594e-02	1.363085786594e-04
44                  	4.081679151823e-01	2.042711278350e-01	2.038967873473e-01	1.679464895465e-01	2.366320874448e-02	1.442832808020e-01	-6.031003602877e-02	1.871702438177e-04	-4.561055538129e-03	-1.049272807107e-02	-9.807419573665e-03	-6.853084974058e-04
45                  	4.108279558371e-01	2.057440691313e-01	2.050838867058e-01	1.878844973161e-01	1.503064723734e-02	1.728538500788e-01	-7.891160142073e-02	3.300912127783e-04	-2.015925638416e-03	-7.083418698744e-03	-5.557634987788e-03	-1.525783710956e-03
46                  	4.157793037744e-01	2.082204731321e-01	2.075588306423e-01	2.315575428553e-01	-1.735821380634e-03	2.332933642359e-01	-1.175145928083e-01	3.308212449145e-04	1.083534322434e-03	-1.718619535563e-03	2.242245546523e-04	-1.942844090215e-03
47                  	4.188441787641e-01	2.096931641813e-01	2.091510145829e-01	3.034312693066e-01	-2.485029702917e-02	3.282815663357e-01	-1.765659316825e-01	2.710747992002e-04	3.460783931511e-03	3.555793389359e-03	5.238680626191e-03	-1.682887236831e-03
48                  	4.117633639292e-01	2.061750858596e-01	2.055882780696e-01	3.923181423786e-01	-4.944497556525e-02	4.417631179439e-01	-2.456040467546e-01	2.934038950175e-04	4.224472480114e-03	6.658479191982e-03	7.553712076105e-03	-8.952328841226e-04
49                  	4.015437599654e-01	2.011726196514e-01	2.003711403140e-01	4.773434826626e-01	-6.906023243704e-02	5.464037150997e-01	-3.077319737684e-01	4.007396686804e-04	3.320516976171e-03	6.944755008288e-03	6.792894480315e-03	1.518605279726e-04
50                  	3.983204411003e-01	1.995694783038e-01	1.987509627966e-01	5.465232353101e-01	-8.052433268001e-02	6.270475679901e-01	-3.537859503351e-01	4.092577535904e-04	1.710635482415e-03	5.595151180639e-03	4.508211072735e-03	1.086940107904e-03
51                  	4.057990896333e-01	2.029922895649e-01	2.028068000685e-01	5.956519418696e-01	-8.559975842866e-02	6.812517002982e-01	-3.834257293634e-01	9.274474820744e-05	5.023621834652e-04	4.198544869846e-03	2.601634618388e-03	1.596910251458e-03
52                  	4.176478328219e-01	2.082659265170e-01	2.093819063049e-01	6.314037308790e-01	-8.944171559114e-02	7.208454464701e-01	-4.051435810306e-01	-5.579898939120e-04	4.288018025731e-04	3.853735250262e-03	2.355669427704e-03	1.498065822558e-03
53                  	4.245287861754e-01	2.110726174675e-01	2.134561687079e-01	6.638037904282e-01	-9.579121964447e-02	7.595950100727e-01	-4.276931148586e-01	-1.191775620243e-03	9.529127826939e-04	3.821304404677e-03	2.863564985032e-03	9.577394196445e-04
54                  	4.268105788935e-01	2.118948359691e-01	2.149157429245e-01	6.900887854239e-01	-1.029560066383e-01	7.930447920621e-01	-4.480003993502e-01	-1.510453477682e-03	1.125459137908e-03	2.937001461750e-03	2.593959868783e-03	3.430415929667e-04
55                  	4.306004170787e-01	2.138391916581e-01	2.167612254206e-01	7.008951522828e-01	-1.067110177491e-01	8.076061700319e-01	-4.571585938905e-01	-1.461016881264e-03	4.551654910218e-04	4.492822116017e-04	6.798065968226e-04	-2.305243852209e-04
56                  	4.393789031262e-01	2.184325586686e-01	2.209463444576e-01	6.871755736553e-01	-1.040965354838e-01	7.912721091391e-01	-4.476843223114e-01	-1.256892894521e-03	-4.497392279238e-04	-2.409748154959e-03	-1.654613305403e-03	-7.551348495557e-04
57                  	4.500922861065e-01	2.239330381335e-01	2.261592479730e-01	6.502190467455e-01	-9.621394878143e-02	7.464329955269e-01	-4.213234721542e-01	-1.113104919739e-03	-9.171031321904e-04	-4.450767211979e-03	-3.142486738180e-03	-1.308280473799e-03
58                  	4.570476262011e-01	2.273888184840e-01	2.296588077171e-01	5.985831967378e-01	-8.492661034217e-02	6.835098070800e-01	-3.842182087111e-01	-1.134994616563e-03	-4.049057965809e-04	-4.968588183594e-03	-2.889199888378e-03	-2.079388295216e-03
59                  	4.545791115130e-01	2.262200065030e-01	2.283591050100e-01	5.372652241545e-01	-7.120317055039e-02	6.084683947049e-01	-3.398357826277e-01	-1.069549253462e-03	7.693389085077e-04	-3.870251612228e-03	-1.165786897606e-03	-2.704464714622e-03
60                  	4.473241696645e-01	2.230573268762e-01	2.242668427882e-01	4.686394566723e-01	-5.406285002246e-02	5.227023066947e-01	-2.883825783586e-01	-6.047579559903e-04	1.603011879475e-03	-1.383439574730e-03	9.112920921101e-04	-2.294731666840e-03
61                  	4.404473184546e-01	2.203632368774e-01	2.200840815772e-01	3.959480975428e-01	-3.315498559790e-02	4.291030831407e-01	-2.311290343693e-01	1.395776501303e-04	1.454021960959e-03	1.533351302053e-03	2.220697611986e-03	-6.873463099323e-04
62                  	4.347261370144e-01	2.181741141831e-01	2.165520228314e-01	3.324578195547e-01	-1.160970586611e-02	3.440675254208e-01	-1.778386156435e-01	8.110456758486e-04	7.424726862141e-04	4.313554499002e-03	2.899249935715e-03	1.414304563287e-03
63                  	4.273848016037e-01	2.148138877018e-01	2.125709139020e-01	2.899958689777e-01	5.973353027029e-03	2.840225159506e-01	-1.390245814618e-01	1.121486899910e-03	3.430556273762e-04	6.612048396256e-03	3.649079825504e-03	2.962968570752e-03
64                  	4.165692595975e-01	2.094292797077e-01	2.071399798898e-01	2.685989276257e-01	1.721096396355e-02	2.513879636622e-01	-1.170884998493e-01	1.144649908988e-03	1.680066719341e-04	7.687290382677e-03	4.011651863273e-03	3.675638519405e-03
65                  	4.029048554313e-01	2.024744555335e-01	2.004303998978e-01	2.551437919245e-01	2.274846633556e-02	2.323953255889e-01	-1.048234296267e-01	1.022027817855e-03	-1.864015905320e-04	6.734327354530e-03	3.180762086733e-03	3.553565267797e-03
66                  	3.900852096779e-01	1.958480413081e-01	1.942371683698e-01	2.380138527644e-01	2.477877949941e-02	2.132350732650e-01	-9.422814688279e-02	8.054364691548e-04	-1.187217937261e-03	2.932331152642e-03	2.789476390601e-04	2.653383513582e-03
67                  	3.844576385830e-01	1.928538717533e-01	1.916037668297e-01	2.163378357060e-01	2.548046665633e-02	1.908573690496e-01	-8.268845119665e-02	6.250524618048e-04	-2.511689302422e-03	-2.987656112659e-03	-4.005517358752e-03	1.017861246093e-03
68                  	3.891360531065e-01	1.950788539830e-01	1.940571991235e-01	2.004051686035e-01	2.502958120262e-02	1.753755874009e-01	-7.517300309915e-02	5.108274297702e-04	-3.325092332937e-03	-8.976050841258e-03	-7.813117753566e-03	-1.162933087692e-03
69                  	4.013895417817e-01	2.010495729940e-01	2.003399687876e-01	2.023637388469e-01	2.216544001458e-02	1.801982988323e-01	-7.901642940885e-02	3.548021031923e-04	-3.163028594143e-03	-1.301824686885e-02	-9.672152028570e-03	-3.346094840284e-03
70                  	4.138877369533e-01	2.071615191463e-01	2.067262178070e-01	2.225393510896e-01	1.503285361361e-02	2.075064974759e-01	-9.623682193117e-02	2.176506696448e-04	-2.585117286078e-03	-1.428924363344e-02	-9.729739102800e-03	-4.559504530645e-03
71                  	4.217078485109e-01	2.109804034322e-01	2.107274450787e-01	2.586838419897e-01	3.175004182748e-03	2.555088378069e-01	-1.261669168121e-01	1.264791767532e-04	-1.714563339887e-03	-1.221683463986e-02	-7.822980659816e-03	-4.393853980043e-03
72                  	4.252164399926e-01	2.126969430282e-01	2.125194969644e-01	3.024188007570e-01	-1.244310458074e-02	3.148619053377e-01	-1.636525049592e-01	8.872303190447e-05	-2.621320345203e-04	-7.073133904206e-03	-3.798698986623e-03	-3.274434917583e-03
73                  	4.255157484600e-01	2.129203025117e-01	2.125954459483e-01	3.481236296925e-01	-3.007611989669e-02	3.781997495891e-01	-2.041379347429e-01	1.624282816825e-04	1.662875594594e-03	1.777650255017e-04	1.751758107345e-03	-1.573993081844e-03
74                  	4.248211894193e-01	2.128112381575e-01	2.120099512618e-01	3.919752966204e-01	-4.587656713061e-02	4.378518637510e-01	-2.418642154408e-01	4.006434478656e-04	3.385887892979e-03	7.204227943204e-03	6.988001864581e-03	2.162260786226e-04
75                  	4.228362172548e-01	2.121179130600e-01	2.107183041948e-01	4.354378927244e-01	-5.726430547744e-02	4.927021982019e-01	-2.749832518397e-01	6.998044326112e-04	4.366271811576e-03	1.201901009217e-02	1.037577685766e-02	1.643233234510e-03
76                  	4.184419564933e-01	2.101250317920e-01	2.083169247013e-01	4.762335909049e-01	-6.514916303492e-02	5.413827539398e-01	-3.032659584874e-01	9.040535453743e-04	4.912438947272e-03	1.444117323431e-02	1.213302556443e-02	2.308147669880e-03
77                  	4.130879971879e-01	2.074482595089e-01	2.056397376790e-01	5.121148559441e-01	-7.101307824187e-02	5.831279341860e-01	-3.270705062139e-01	9.042609149492e-04	4.708826787121e-03	1.350911521915e-02	1.146338439669e-02	2.045730822452e-03
78                  	4.104861450473e-01	2.059229890693e-01	2.045631559780e-01	5.424269861994e-01	-7.589709839612e-02	6.183240845956e-01	-3.471105914958e-01	6.799165456190e-04	3.209605152472e-03	8.531776401135e-03	7.475493353040e-03	1.056283048095e-03
79                  	4.118536817136e-01	2.061357742258e-01	2.057179074879e-01	5.701188270085e-01	-8.014935942857e-02	6.502681864371e-01	-3.652087729328e-01	2.089333689488e-04	9.708043233968e-04	1.156437433506e-03	1.549023040150e-03	-3.925856066438e-04
80                  	4.145882375983e-01	2.068998644331e-01	2.076883731651e-01	5.939422024822e-01	-8.497229058917e-02	6.789144930714e-01	-3.819433918303e-01	-3.942543659959e-04	-1.132561272616e-03	-6.049548833410e-03	-4.157335689321e-03	-1.892213144089e-03
81                  	4.147450114637e-01	2.064423021644e-01	2.083027092993e-01	6.109109612624e-01	-9.120756714971e-02	7.021185284122e-01	-3.966630477809e-01	-9.302035674110e-04	-1.735433768140e-03	-9.711131441972e-03	-6.590999489126e-03	-3.120131952846e-03
82                  	4.117773829400e-01	2.046353630340e-01	2.071420199060e-01	6.176674859661e-01	-9.814290874145e-02	7.158103947076e-01	-4.069766517245e-01	-1.253328435998e-03	-3.984381885757e-04	-8.564915189712e-03	-4.680895783432e-03	-3.884019406281e-03
83                  	4.089636612707e-01	2.030947851964e-01	2.058688760743e-01	6.133838960140e-01	-1.027650942174e-01	7.161489902314e-01	-4.094570422244e-01	-1.387045438950e-03	2.257764754067e-03	-3.422462885643e-03	5.465333112452e-04	-3.968996196889e-03
84                  	4.107380181222e-01	2.039484282111e-01	2.067895899110e-01	5.981422605800e-01	-1.023771025466e-01	7.005193631265e-01	-4.014482328366e-01	-1.420580849951e-03	4.901650813896e-03	3.550422395948e-03	6.676862011870e-03	-3.126439615921e-03
85                  	4.182385790547e-01	2.077621233566e-01	2.104764556981e-01	5.718132213293e-01	-9.516975503063e-02	6.669829763599e-01	-3.810763656953e-01	-1.357166170730e-03	6.626620847578e-03	9.645059713867e-03	1.144915070451e-02	-1.804090990645e-03
86                  	4.274066707306e-01	2.125481225143e-01	2.148585482163e-01	5.341959961164e-01	-8.159984868449e-02	6.157958448009e-01	-3.486978467427e-01	-1.155212851008e-03	7.436158502738e-03	1.387126924830e-02	1.437179312689e-02	-5.005238785862e-04
87                  	4.315068226992e-01	2.149636642809e-01	2.165431584183e-01	4.881814976071e-01	-6.372954039517e-02	5.519110380023e-01	-3.078202891987e-01	-7.897470686612e-04	7.830457388840e-03	1.657222312007e-02	1.611656894888e-02	4.556541711969e-04
88                  	4.263087693054e-01	2.127686733391e-01	2.135400959663e-01	4.383880827745e-01	-4.443813414210e-02	4.828262169166e-01	-2.636321755294e-01	-3.857113135637e-04	8.310535894385e-03	1.835492706957e-02	1.748799942917e-02	8.669276404026e-04
89                  	4.131453762684e-01	2.064136133349e-01	2.067317629335e-01	3.869327259532e-01	-2.589386642651e-02	4.128265923798e-01	-2.193602294031e-01	-1.590747993278e-04	9.023422593789e-03	1.964776455472e-02	1.884730487115e-02	8.004596835716e-04
90                  	3.982030626912e-01	1.988326066978e-01	1.993704559934e-01	3.348080723571e-01	-9.721738742084e-03	3.445298110992e-01	-1.771257749206e-01	-2.689246477998e-04	9.349763842047e-03	1.962562160050e-02	1.916257464230e-02	4.630469582023e-04
91                  	3.876625860919e-01	1.932202079211e-01	1.944423781708e-01	2.854993233830e-01	3.436111310820e-03	2.820632120721e-01	-1.393135503807e-01	-6.110851248366e-04	8.868743502504e-03	1.769999475171e-02	1.771874087836e-02	-1.874612664925e-05
92                  	3.837105524886e-01	1.907845711844e-01	1.929259813042e-01	2.442459232377e-01	1.300734785836e-02	2.312385753794e-01	-1.091156137605e-01	-1.070705059875e-03	7.513732915064e-03	1.359632860159e-02	1.431189721586e-02	-7.155686142670e-04
93                  	3.845154670273e-01	1.906905306990e-01	1.938249363283e-01	2.160560723229e-01	1.911940731581e-02	1.969366650071e-01	-8.890862884563e-02	-1.567202814624e-03	6.087305777702e-03	8.940360045362e-03	1.055748580038e-02	-1.617125755021e-03
94                  	3.870319013424e-01	1.914573975657e-01	1.955745037767e-01	2.060265881869e-01	2.172680294827e-02	1.842997852386e-01	-8.128649114517e-02	-2.058553105475e-03	5.354349218688e-03	5.107955074695e-03	7.908326756035e-03	-2.800371681340e-03
95                  	3.891533045401e-01	1.921191583512e-01	1.970341461889e-01	2.137655958365e-01	2.063489951125e-02	1.931306963252e-01	-8.624789840700e-02	-2.457493918832e-03	5.382044077484e-03	2.798696542419e-03	6.781392348694e-03	-3.982695806275e-03
96                  	3.916485002683e-01	1.931910879690e-01	1.984574122993e-01	2.355360464619e-01	1.647291738329e-02	2.190631290786e-01	-1.012951058477e-01	-2.633162165180e-03	5.836419677066e-03	2.212969477027e-03	6.942904415579e-03	-4.729934938553e-03
97                  	3.960023967640e-01	1.954216625688e-01	2.005807341953e-01	2.648067877119e-01	9.388114955489e-03	2.554186727564e-01	-1.230152789004e-01	-2.579535813251e-03	6.038246070217e-03	2.592179979082e-03	7.334336059758e-03	-4.742156080676e-03
98                  	4.023039632487e-01	1.988078961036e-01	2.034960671451e-01	2.957204449985e-01	-7.323123714676e-04	2.964527573700e-01	-1.485925348707e-01	-2.344085520739e-03	5.920278885813e-03	3.605940782389e-03	7.723249277007e-03	-4.117308494618e-03
99                  	4.078869771767e-01	2.020183477947e-01	2.058686293820e-01	3.306837604320e-01	-1.319391762587e-02	3.438776780579e-01	-1.785357978419e-01	-1.925140793622e-03	5.730627622801e-03	5.269084386564e-03	8.365169816083e-03	-3.096085429518e-03
100                 	4.102315590407e-01	2.036426680548e-01	2.065888909860e-01	3.718439234117e-01	-2.756254854198e-02	3.994064719537e-01	-2.134845102478e-01	-1.473111465599e-03	6.063300575898e-03	8.134626436195e-03	1.013061379400e-02	-1.995987357801e-03
101                 	4.089914358672e-01	2.033081348710e-01	2.056833009963e-01	4.164381462395e-01	-4.217130272491e-02	4.586094489645e-01	-2.503903758447e-01	-1.187583062648e-03	7.126191412420e-03	1.202793761004e-02	1.314016021744e-02	-1.112222607398e-03
102                 	4.053130287802e-01	2.014789541793e-01	2.038340746010e-01	4.581602999054e-01	-5.499220097786e-02	5.131525008832e-01	-2.840723509305e-01	-1.177560210854e-03	8.783334001282e-03	1.632800290331e-02	1.694733545294e-02	-6.193325496285e-04
103                 	4.013637834708e-01	1.993198665554e-01	2.020439169154e-01	4.925149047408e-01	-6.448886268428e-02	5.570037674251e-01	-3.107463150547e-01	-1.362025180043e-03	1.025084071821e-02	1.945429942492e-02	1.997799043067e-02	-5.236910057495e-04
104                 	3.983267716969e-01	1.975860245003e-01	2.007407471967e-01	5.177013010103e-01	-7.089381149557e-02	5.885951125059e-01	-3.297444620007e-01	-1.577361348211e-03	1.106916018628e-02	2.086154611628e-02	2.149993324443e-02	-6.383871281440e-04
105                 	3.964691497782e-01	1.965996322715e-01	1.998695175067e-01	5.388155084111e-01	-7.540156708185e-02	6.142170754929e-01	-3.448093212874e-01	-1.634942617578e-03	1.106240633614e-02	2.043156185047e-02	2.127818726138e-02	-8.466254109076e-04
106                 	3.965521831554e-01	1.967814175789e-01	1.997707655765e-01	5.576480237652e-01	-7.917415788762e-02	6.368221816528e-01	-3.579981697702e-01	-1.494673998813e-03	1.013159586306e-02	1.803415572787e-02	1.914867372699e-02	-1.114517999123e-03
107                 	3.988842605918e-01	1.980554893418e-01	2.008287712500e-01	5.774840083366e-01	-8.210014062465e-02	6.595841489612e-01	-3.708421447929e-01	-1.386640954112e-03	8.311192036736e-03	1.352224052689e-02	1.507231230018e-02	-1.550071773290e-03
108                 	4.027912471786e-01	1.999949875087e-01	2.027962596699e-01	5.950058081374e-01	-8.344420571346e-02	6.784500138508e-01	-3.809471097821e-01	-1.400636080573e-03	6.151070403121e-03	7.952388706499e-03	1.012726475637e-02	-2.174876049872e-03
109                 	4.062556993842e-01	2.017429145882e-01	2.045127847960e-01	6.035652945722e-01	-8.293250533961e-02	6.864977999118e-01	-3.847151526257e-01	-1.384935103878e-03	4.377821267343e-03	2.977061002805e-03	5.866351768746e-03	-2.889290765941e-03
110                 	4.079811092693e-01	2.027741390679e-01	2.052069702014e-01	6.003902416742e-01	-7.971703363878e-02	6.801072753130e-01	-3.799121544759e-01	-1.216415566735e-03	3.235389139543e-03	-2.519417740865e-04	3.109418252500e-03	-3.361360026586e-03
111                 	4.083534925637e-01	2.033380627707e-01	2.050154297930e-01	5.805630114134e-01	-7.319215032751e-02	6.537551617409e-01	-3.634736560342e-01	-8.386835111479e-04	2.510056074103e-03	-2.003952335761e-03	1.508079906223e-03	-3.512032241983e-03
112                 	4.081745453370e-01	2.037524212997e-01	2.044221240373e-01	5.449656113449e-01	-6.313561926345e-02	6.081012306083e-01	-3.356184249359e-01	-3.348513688222e-04	2.434104348408e-03	-1.582759888733e-03	1.642724404042e-03	-3.225484292774e-03
113                 	4.072452567919e-01	2.036977734125e-01	2.035474833794e-01	4.948272740776e-01	-5.090654308335e-02	5.457338171609e-01	-2.983201801221e-01	7.514501653849e-05	2.932587378687e-03	8.996845032990e-04	3.382429630337e-03	-2.482745127038e-03
114                 	4.041908473202e-01	2.023821763529e-01	2.018086709673e-01	4.349924170449e-01	-3.792156833059e-02	4.729139853755e-01	-2.554177768530e-01	2.867526927975e-04	3.728886362593e-03	5.056078471347e-03	6.256925598266e-03	-1.200847126919e-03
115                 	3.980229934880e-01	1.993987130864e-01	1.986242804015e-01	3.748693888722e-01	-2.497673587683e-02	3.998461247490e-01	-2.124114303129e-01	3.872163424658e-04	4.520668293936e-03	9.872691116406e-03	9.457013852139e-03	4.156772642674e-04
116                 	3.892837541380e-01	1.950487970568e-01	1.942349570812e-01	3.235730603028e-01	-1.251956016092e-02	3.360926204637e-01	-1.743060903123e-01	4.069199878193e-04	4.654203415391e-03	1.283952359511e-02	1.107396521294e-02	1.765558382162e-03
117                 	3.805763492498e-01	1.906511106621e-01	1.899252385877e-01	2.844683466578e-01	-1.785962860607e-03	2.862543095184e-01	-1.440201361895e-01	3.629360371815e-04	4.163869501632e-03	1.324873301965e-02	1.078823601146e-02	2.460497008191e-03
118                 	3.747895058982e-01	1.876106659197e-01	1.871788399785e-01	2.599336486651e-01	6.830799112937e-03	2.531028495521e-01	-1.231360252196e-01	2.159129705976e-04	3.355490203475e-03	1.135766693425e-02	9.034323670598e-03	2.323343263648e-03
119                 	3.727340075805e-01	1.863675169270e-01	1.863664906534e-01	2.492562795673e-01	1.302328450128e-02	2.362329950661e-01	-1.116048552824e-01	5.131368126885e-07	2.499142706893e-03	8.144468160292e-03	6.571376787039e-03	1.573091373253e-03
120                 	3.737260045272e-01	1.865220886093e-01	1.872039159179e-01	2.511492571285e-01	1.651871256955e-02	2.346305445589e-01	-1.090559159947e-01	-3.409136542758e-04	1.625852405780e-03	4.261181516755e-03	3.756443164157e-03	5.047383525975e-04
121                 	3.763895802326e-01	1.874267159820e-01	1.889628642507e-01	2.634640708600e-01	1.665142913959e-02	2.468126417204e-01	-1.150806062904e-01	-7.680741343322e-04	6.988997294895e-04	3.589705601062e-05	7.168482574948e-04	-6.809512014842e-04
122                 	3.789581839822e-01	1.883368794072e-01	1.906213045750e-01	2.848319038554e-01	1.239968274368e-02	2.724322211117e-01	-1.300162691840e-01	-1.142212583927e-03	1.246837953750e-04	-3.526292037202e-03	-1.638462223226e-03	-1.887829813976e-03
123                 	3.810304927917e-01	1.891151788520e-01	1.919153139396e-01	3.104819703080e-01	3.630606283288e-03	3.068513640247e-01	-1.516103788707e-01	-1.400067543794e-03	2.125229665275e-04	-5.093237532483e-03	-2.334095799714e-03	-2.759141732769e-03
124                 	3.824650805364e-01	1.896403672850e-01	1.928247132514e-01	3.366003313666e-01	-9.371237128215e-03	3.459715684948e-01	-1.776714028115e-01	-1.592172983214e-03	5.450912850838e-04	-4.612383230668e-03	-1.761100330250e-03	-2.851282900418e-03
125                 	3.839211219525e-01	1.902711124235e-01	1.936500095289e-01	3.609875188144e-01	-2.500349697937e-02	3.859910157938e-01	-2.054972563866e-01	-1.689448552703e-03	9.947055817626e-04	-1.905611829495e-03	4.189966701527e-05	-1.947511496510e-03
126                 	3.845350344495e-01	1.907255167144e-01	1.938095177350e-01	3.869553996539e-01	-4.026084302840e-02	4.272162426823e-01	-2.337385428554e-01	-1.542000510298e-03	1.643238840569e-03	2.395595012049e-03	2.841036346594e-03	-4.454413345449e-04
127                 	3.840897845058e-01	1.908886129614e-01	1.932011715444e-01	4.195464468256e-01	-5.195899249821e-02	4.715054393238e-01	-2.617322159110e-01	-1.156279291503e-03	2.530493402182e-03	6.800834982117e-03	5.930910893241e-03	8.699240888759e-04
128                 	3.825250248913e-01	1.905079962299e-01	1.920170286614e-01	4.571344487242e-01	-5.995836576023e-02	5.170928144845e-01	-2.885255901224e-01	-7.545162157800e-04	3.199682161373e-03	9.768696244802e-03	8.084030283773e-03	1.684665961028e-03
129                 	3.807351184285e-01	1.898969033488e-01	1.908382150797e-01	4.962252484233e-01	-6.517443711686e-02	5.613996855402e-01	-3.132870613285e-01	-4.706558654572e-04	3.527247060511e-03	1.155153402051e-02	9.303014070766e-03	2.248519949744e-03
130                 	3.801885346762e-01	1.897754775551e-01	1.904130571211e-01	5.288156012416e-01	-6.884329541562e-02	5.976588966572e-01	-3.332510960364e-01	-3.187897830392e-04	3.530052448889e-03	1.273754763771e-02	9.898826267746e-03	2.838721369968e-03
131                 	3.817133209170e-01	1.905993066148e-01	1.911140143022e-01	5.509666683870e-01	-7.201921285321e-02	6.229858812402e-01	-3.475025470467e-01	-2.573538436889e-04	3.425779507905e-03	1.351833278134e-02	1.018494589857e-02	3.333386882763e-03
132                 	3.852178379385e-01	1.923824627667e-01	1.928353751718e-01	5.635230444021e-01	-7.544551090621e-02	6.389685553083e-01	-3.572070331073e-01	-2.264562025986e-04	3.075531719461e-03	1.288737288750e-02	9.519218163211e-03	3.368154724288e-03
133                 	3.896369998831e-01	1.945927488065e-01	1.950442510766e-01	5.668548424500e-01	-7.842227855199e-02	6.452771210020e-01	-3.618496997770e-01	-2.257511350936e-04	2.427247155552e-03	1.023457699997e-02	7.544535655537e-03	2.690041344433e-03
134                 	3.933708183465e-01	1.963986886298e-01	1.969721297166e-01	5.631836703883e-01	-7.989397788939e-02	6.430776482776e-01	-3.614858130835e-01	-2.867205434097e-04	1.373083911607e-03	5.632330606993e-03	4.189249215103e-03	1.443081391889e-03
135                 	3.949712779914e-01	1.970597896651e-01	1.979114883263e-01	5.553163105361e-01	-7.894698524254e-02	6.342632957786e-01	-3.566051405106e-01	-4.258493305884e-04	7.035614292812e-06	8.102050344342e-05	4.754586601452e-05	3.347463742890e-05
136                 	3.943050438966e-01	1.965878503452e-01	1.977171935513e-01	5.473183162194e-01	-7.519186853801e-02	6.225101847574e-01	-3.488510266477e-01	-5.646716030489e-04	-1.347569205874e-03	-4.888093327242e-03	-3.791615869495e-03	-1.096477457747e-03
137                 	3.925377246221e-01	1.956021237497e-01	1.969356008724e-01	5.369071395631e-01	-6.847785062163e-02	6.053849901847e-01	-3.369314204032e-01	-6.667385613312e-04	-2.487467395275e-03	-8.315605874272e-03	-6.645270332411e-03	-1.670335541860e-03
138                 	3.910511825890e-01	1.948368380199e-01	1.962143445691e-01	5.176962383777e-01	-5.926858363790e-02	5.769648220156e-01	-3.181167028267e-01	-6.887532746124e-04	-3.297527290507e-03	-1.006319661951e-02	-8.329125600264e-03	-1.734071019249e-03
139                 	3.901730808821e-01	1.945532946483e-01	1.956197862338e-01	4.859077012353e-01	-4.773157744199e-02	5.336392786773e-01	-2.906854280597e-01	-5.332457927640e-04	-3.454558988069e-03	-1.013188976877e-02	-8.520503872456e-03	-1.611385896319e-03
140                 	3.884056727052e-01	1.940201390150e-01	1.943855336902e-01	4.409211813633e-01	-3.485260092641e-02	4.757737822897e-01	-2.553131916080e-01	-1.826973376001e-04	-2.782816988907e-03	-8.451084314530e-03	-7.008359146172e-03	-1.442725168358e-03
141                 	3.840730427768e-01	1.922681535557e-01	1.918048892210e-01	3.892505402916e-01	-2.224134554798e-02	4.114918858396e-01	-2.168666156938e-01	2.316321673405e-04	-1.243560095186e-03	-4.847142745522e-03	-3.667131467947e-03	-1.180011277575e-03
142                 	3.770527017586e-01	1.890590288562e-01	1.879936729024e-01	3.390192326295e-01	-1.162760638772e-02	3.506468390172e-01	-1.811372227025e-01	5.326779769123e-04	9.433989090849e-04	8.701802831669e-04	1.378489050668e-03	-5.083087675015e-04
143                 	3.697334285971e-01	1.854291628045e-01	1.843042657926e-01	2.974101997188e-01	-3.462748217505e-03	3.008729479363e-01	-1.521678480769e-01	5.624485059144e-04	3.003246608965e-03	7.374850891715e-03	6.690672054823e-03	6.841788368925e-04
144                 	3.647529148102e-01	1.827638173636e-01	1.819890974466e-01	2.696133991423e-01	1.938166236951e-03	2.676752329053e-01	-1.328685333342e-01	3.873599585011e-04	4.237798150169e-03	1.254516020298e-02	1.051037825166e-02	2.034781951319e-03
145                 	3.634783654824e-01	1.819251632347e-01	1.815532022477e-01	2.561611315742e-01	5.490077344496e-03	2.506710542297e-01	-1.225904884426e-01	1.859804935352e-04	4.429506167340e-03	1.464456580359e-02	1.175178906914e-02	2.892776734457e-03
146                 	3.650425306683e-01	1.827027301856e-01	1.823398004827e-01	2.566735829020e-01	5.648961848259e-03	2.510246210537e-01	-1.226878296027e-01	1.814648514719e-04	4.228830887230e-03	1.399774837376e-02	1.122770507411e-02	2.770043299650e-03
147                 	3.677868248129e-01	1.842428617079e-01	1.835439631050e-01	2.716226226782e-01	2.675413466883e-03	2.689472092113e-01	-1.331358978722e-01	3.494493014381e-04	3.679759425600e-03	1.106276704714e-02	9.211142949171e-03	1.851624097972e-03
148                 	3.694934429130e-01	1.851934065528e-01	1.843000363603e-01	2.980835139448e-01	-2.522536153497e-03	3.006060500983e-01	-1.515642931259e-01	4.466850962552e-04	2.842064089644e-03	6.703550385488e-03	6.193839282388e-03	5.097111031004e-04
149                 	3.695764368633e-01	1.849659439643e-01	1.846104928990e-01	3.356165562979e-01	-9.375488638754e-03	3.449920449367e-01	-1.771837667877e-01	1.777255326467e-04	1.461323604878e-03	1.419121463054e-03	2.170884336405e-03	-7.517628733511e-04
150                 	3.688630231646e-01	1.840636431482e-01	1.847993800164e-01	3.789869535403e-01	-1.757527726993e-02	3.965622308102e-01	-2.070687540401e-01	-3.678684340873e-04	-3.814789542348e-04	-4.117486653177e-03	-2.440222280823e-03	-1.677264372354e-03
151                 	3.684769274682e-01	1.833718635617e-01	1.851050639065e-01	4.206813440297e-01	-2.694116093719e-02	4.476225049669e-01	-2.372818329520e-01	-8.666001723578e-04	-2.045056709486e-03	-8.423989950348e-03	-6.257051684660e-03	-2.166938265688e-03
152                 	3.693083033620e-01	1.836637461530e-01	1.856445572091e-01	4.516977105561e-01	-3.746944745854e-02	4.891671580147e-01	-2.633183027366e-01	-9.904055280529e-04	-2.567527884658e-03	-9.566287961637e-03	-7.350671865476e-03	-2.215616096160e-03
153                 	3.706713301243e-01	1.845560864056e-01	1.861152437187e-01	4.698745541605e-01	-4.866620847769e-02	5.185407626381e-01	-2.836034855579e-01	-7.795786565924e-04	-1.511502407553e-03	-6.507479503776e-03	-4.765242159441e-03	-1.742237344335e-03
154                 	3.718587852508e-01	1.854544584834e-01	1.864043267674e-01	4.775321770662e-01	-5.948783605102e-02	5.370200131172e-01	-2.982539245841e-01	-4.749341420221e-04	2.708470931443e-04	-1.048421432153e-03	-2.533636229320e-04	-7.950578092206e-04
155                 	3.732000928684e-01	1.862406932158e-01	1.869593996526e-01	4.870048178189e-01	-6.861610925925e-02	5.556209270781e-01	-3.121185181687e-01	-3.593532184433e-04	1.907263506058e-03	4.736242390859e-03	4.275384701488e-03	4.608576893710e-04
156                 	3.754857615992e-01	1.872759531802e-01	1.882098084191e-01	5.041189403610e-01	-7.505054651551e-02	5.791694868765e-01	-3.271100166960e-01	-4.669276194491e-04	2.757553523784e-03	9.163110213014e-03	7.339108630291e-03	1.824001582723e-03
157                 	3.794615024523e-01	1.892442391417e-01	1.902172633106e-01	5.303682618858e-01	-7.830745526105e-02	6.086757171469e-01	-3.434915862040e-01	-4.865120844861e-04	3.159221181573e-03	1.218009983522e-02	9.249271099184e-03	2.930828736037e-03
158                 	3.847822677444e-01	1.921174321686e-01	1.926648355758e-01	5.549185090307e-01	-7.927594279675e-02	6.341944518274e-01	-3.567351973121e-01	-2.737017035991e-04	3.286286253388e-03	1.370961019351e-02	1.014109135014e-02	3.568518843366e-03
159                 	3.896646853972e-01	1.948919109166e-01	1.947727744805e-01	5.707658395797e-01	-7.846690527410e-02	6.492327448538e-01	-3.638498250640e-01	5.956821803528e-05	3.316672067004e-03	1.401602290352e-02	1.032468351877e-02	3.691339384758e-03
160                 	3.920297954930e-01	1.962717786560e-01	1.957580168371e-01	5.758698327472e-01	-7.658460690654e-02	6.524544396538e-01	-3.645195232802e-01	2.568809094519e-04	2.925404114426e-03	1.255220915860e-02	9.201508693725e-03	3.350700464872e-03
161                 	3.916808908811e-01	1.959644022052e-01	1.957164886758e-01	5.655795426772e-01	-7.422443271730e-02	6.398039753945e-01	-3.570142040559e-01	1.239567647189e-04	1.627131117448e-03	8.453229411812e-03	5.853745823354e-03	2.599483588458e-03
162                 	3.896756818850e-01	1.946710792069e-01	1.950046026780e-01	5.399938636802e-01	-7.120139598320e-02	6.111952596634e-01	-3.411983278233e-01	-1.667617355590e-04	-4.884300599840e-04	1.734023842973e-03	3.785818615027e-04	1.355441981471e-03
163                 	3.874475036461e-01	1.934279628239e-01	1.940195408222e-01	5.054719784025e-01	-6.589102094306e-02	5.713629993456e-01	-3.186270101443e-01	-2.957889991574e-04	-2.808186951603e-03	-6.208690518519e-03	-5.912532210862e-03	-2.961583076563e-04
164                 	3.858888566375e-01	1.927960886380e-01	1.930927679995e-01	4.706079261115e-01	-5.691062873821e-02	5.275185548497e-01	-2.922145917940e-01	-1.483396807475e-04	-4.278862853758e-03	-1.246281505856e-02	-1.051027038304e-02	-1.952544675521e-03
165                 	3.842900366204e-01	1.922170078354e-01	1.920730287850e-01	4.385461528111e-01	-4.478106154928e-02	4.833272143604e-01	-2.640541379548e-01	7.198952521057e-05	-4.379222679038e-03	-1.483440580083e-02	-1.179642557945e-02	-3.037980221379e-03
166                 	3.816059675826e-01	1.909134811787e-01	1.906924864039e-01	4.046455062568e-01	-3.165285913499e-02	4.362983653918e-01	-2.339756122634e-01	1.104973874037e-04	-3.493768496666e-03	-1.349906787791e-02	-1.024330243562e-02	-3.255765442291e-03
167                 	3.771304494215e-01	1.885391289382e-01	1.885913204834e-01	3.682584126022e-01	-2.011315664467e-02	3.883715692468e-01	-2.042423629457e-01	-2.609577261007e-05	-2.320507358798e-03	-9.709447911754e-03	-7.175231314675e-03	-2.534216597079e-03
168                 	3.715715756813e-01	1.856689507652e-01	1.859026249162e-01	3.337299413010e-01	-1.136769301917e-02	3.450976343202e-01	-1.782326636697e-01	-1.168370755154e-04	-1.277717791149e-03	-5.059649962249e-03	-3.807542772273e-03	-1.252107189976e-03
169                 	3.668314616109e-01	1.834983312433e-01	1.833331303677e-01	3.085629141366e-01	-4.791965520139e-03	3.133548796567e-01	-1.590734225884e-01	8.260043780628e-05	-1.903693852816e-04	1.913423978635e-04	-9.469818634981e-05	2.860405842133e-04
170                 	3.643567271508e-01	1.826402770419e-01	1.817164501089e-01	2.959970934002e-01	1.344910586526e-04	2.958626023416e-01	-1.478640556415e-01	4.619134664869e-04	1.191736739394e-03	5.861397628164e-03	4.122435553476e-03	1.738962074688e-03
171                 	3.635039996423e-01	1.824438182878e-01	1.810601813545e-01	2.923939431985e-01	3.053866520461e-03	2.893400766781e-01	-1.431431050788e-01	6.918184666675e-04	2.808651849610e-03	1.130044750751e-02	8.458875603366e-03	2.841571904145e-03
172                 	3.633420752574e-01	1.822842726648e-01	1.810578025926e-01	2.969810100708e-01	2.438774445552e-03	2.945422356253e-01	-1.460517305899e-01	6.132350360695e-04	4.167105551889e-03	1.487021523374e-02	1.160221316876e-02	3.268002064979e-03
173                 	3.633572108746e-01	1.820064097660e-01	1.813508011086e-01	3.063501511653e-01	-2.440681812574e-03	3.087908329779e-01	-1.556157573952e-01	3.278043286771e-04	4.856670118639e-03	1.546484642715e-02	1.258909333221e-02	2.875753094935e-03
174                 	3.638848847479e-01	1.819695062508e-01	1.819153784971e-01	3.206984532664e-01	-1.061775420151e-02	3.313162074679e-01	-1.709669808347e-01	2.706387683358e-05	4.591425546918e-03	1.256705603047e-02	1.087495356215e-02	1.692102468315e-03
175                 	3.650619730211e-01	1.823786986697e-01	1.826832743514e-01	3.369396326257e-01	-2.048653030624e-02	3.574261629319e-01	-1.889563466191e-01	-1.522878408322e-04	3.422311048103e-03	6.946575559935e-03	6.895598828070e-03	5.097673186499e-05
176                 	3.668488519977e-01	1.830261013068e-01	1.838227506909e-01	3.596278620870e-01	-2.950873036576e-02	3.891365924528e-01	-2.093226614093e-01	-3.983246920239e-04	1.979193105371e-03	-4.037329847000e-05	1.959006456136e-03	-1.999379754606e-03
177                 	3.685614067448e-01	1.835078601868e-01	1.850535465579e-01	3.915574452736e-01	-3.666062097049e-02	4.282180662440e-01	-2.324393436073e-01	-7.728431855491e-04	9.399545332496e-04	-6.170889115651e-03	-2.145490024576e-03	-4.025399091075e-03
178                 	3.692978264016e-01	1.834859838954e-01	1.858118425063e-01	4.285628215378e-01	-4.345797196354e-02	4.720207935014e-01	-2.577393827324e-01	-1.162929305433e-03	7.815190832365e-04	-9.210866154181e-03	-3.823913993854e-03	-5.386952160327e-03
179                 	3.690291307496e-01	1.830010457940e-01	1.860280849556e-01	4.629250858080e-01	-5.115047555673e-02	5.140755613648e-01	-2.826130184607e-01	-1.513519580774e-03	1.121396651691e-03	-8.873506519901e-03	-3.315356608259e-03	-5.558149911641e-03
180                 	3.690985451284e-01	1.829053488824e-01	1.861931962460e-01	4.898353775952e-01	-5.945556191861e-02	5.492909395138e-01	-3.043732507162e-01	-1.643923681824e-03	1.862808848816e-03	-5.024766577356e-03	-6.495744398616e-04	-4.375192137494e-03
181                 	3.709009579890e-01	1.840094436797e-01	1.868915143093e-01	5.044654006808e-01	-6.742747868672e-02	5.718928793675e-01	-3.196601790271e-01	-1.441035314825e-03	2.984487511751e-03	1.177176819809e-03	3.573075921655e-03	-2.395899101846e-03
182                 	3.746340723178e-01	1.864517735863e-01	1.881822987315e-01	5.146082631238e-01	-7.351295921968e-02	5.881212223434e-01	-3.308170907816e-01	-8.652625725622e-04	4.397147744816e-03	8.255140352801e-03	8.524717921217e-03	-2.695775684159e-04
183                 	3.791526496685e-01	1.893240979684e-01	1.898285517001e-01	5.294005029762e-01	-7.747621160476e-02	6.068767145809e-01	-3.421764630928e-01	-2.522268658110e-04	5.472525362905e-03	1.358742269500e-02	1.226623671040e-02	1.321185984594e-03
184                 	3.830796413005e-01	1.916624532046e-01	1.914171880959e-01	5.480551223031e-01	-7.941740222206e-02	6.274725245252e-01	-3.534449633736e-01	1.226325543169e-04	5.631896591929e-03	1.545719677090e-02	1.336049497738e-02	2.096701793519e-03
185                 	3.858323700382e-01	1.931669025287e-01	1.926654675095e-01	5.612535958592e-01	-7.976598212786e-02	6.410195779871e-01	-3.603927800575e-01	2.507175095882e-04	4.878203896977e-03	1.411015743762e-02	1.193328261579e-02	2.176874821834e-03
186                 	3.873727970252e-01	1.939576895713e-01	1.934151074540e-01	5.593210829423e-01	-7.840037028600e-02	6.377214532283e-01	-3.580609117571e-01	2.712910586578e-04	3.708604208238e-03	1.108201004657e-02	9.249609231525e-03	1.832400815049e-03
187                 	3.881191803378e-01	1.943092008071e-01	1.938099795307e-01	5.414607759304e-01	-7.456886741987e-02	6.160296433502e-01	-3.452992553850e-01	2.496106382013e-04	2.678832800534e-03	7.835692973835e-03	6.596679287451e-03	1.239013686384e-03
188                 	3.880159010794e-01	1.941591690020e-01	1.938567320773e-01	5.121268763248e-01	-6.776140303724e-02	5.798882793621e-01	-3.238248411997e-01	1.512184623508e-04	1.965208130218e-03	4.904312529947e-03	4.417364395192e-03	4.869481347556e-04
189                 	3.873334103678e-01	1.936492266055e-01	1.936841837623e-01	4.771565414481e-01	-5.793827053261e-02	5.350948119808e-01	-2.965165412567e-01	-1.747857836759e-05	1.407350119126e-03	2.073792585968e-03	2.444246412110e-03	-3.704538261419e-04
190                 	3.849998026578e-01	1.923296358399e-01	1.926701668179e-01	4.436622377950e-01	-4.570741482830e-02	4.893696526233e-01	-2.675385337258e-01	-1.702654889904e-04	7.081065891965e-04	-7.296982514848e-04	3.432574634541e-04	-1.072955714939e-03
191                 	3.797470482696e-01	1.896356449701e-01	1.901114032995e-01	4.129588283060e-01	-3.230251794179e-02	4.452613462478e-01	-2.387819320948e-01	-2.378791646828e-04	-3.808715403783e-04	-3.739612842397e-03	-2.250677961577e-03	-1.488934880820e-03
192                 	3.717448120748e-01	1.856468334612e-01	1.860979786136e-01	3.824597231704e-01	-1.915759661138e-02	4.016173197818e-01	-2.103874581966e-01	-2.255725761943e-04	-1.738107121954e-03	-6.879683861595e-03	-5.177949052751e-03	-1.701734808844e-03
193                 	3.632186532440e-01	1.814190189099e-01	1.817996343341e-01	3.505035657127e-01	-7.775221840176e-03	3.582787875529e-01	-1.830270046965e-01	-1.903077120892e-04	-2.770746189521e-03	-9.396625788600e-03	-7.469059083821e-03	-1.927566704779e-03
194                 	3.575624523908e-01	1.786353095027e-01	1.789271428882e-01	3.209333275145e-01	2.052240713071e-04	3.207281034432e-01	-1.602614396860e-01	-1.459166927543e-04	-3.102434504987e-03	-1.026589272962e-02	-8.235380869795e-03	-2.030511859820e-03
195                 	3.568787663472e-01	1.783778856352e-01	1.785008807120e-01	2.976446025051e-01	4.420864173051e-03	2.932237383320e-01	-1.444014370795e-01	-6.149753839694e-05	-2.587478340001e-03	-8.938107714441e-03	-7.056532197221e-03	-1.881575517220e-03
196                 	3.596766744366e-01	1.799140584058e-01	1.797626160308e-01	2.856544911726e-01	4.743377760244e-03	2.809111134123e-01	-1.380838678260e-01	7.572118754300e-05	-1.505208429817e-03	-5.780137583887e-03	-4.395277221760e-03	-1.384860362126e-03
197                 	3.630624168080e-01	1.817980861433e-01	1.812643306647e-01	2.868230941653e-01	1.379598052462e-03	2.854434961129e-01	-1.420319490302e-01	2.668777392625e-04	-4.199038940277e-04	-1.760364353043e-03	-1.300086070549e-03	-4.602782824938e-04
198                 	3.647609893491e-01	1.828222581288e-01	1.819387312203e-01	2.986229582383e-01	-4.550273447028e-03	3.031732316853e-01	-1.538617525662e-01	4.417634542764e-04	4.816917933418e-04	2.236912335713e-03	1.600147961198e-03	6.367643745148e-04
199                 	3.648269981582e-01	1.829415806562e-01	1.818854175020e-01	3.173003282908e-01	-1.197720437432e-02	3.292775326651e-01	-1.706273685197e-01	5.280815771152e-04	1.307099157786e-03	5.767078160336e-03	4.190638237954e-03	1.576439922382e-03
200                 	3.643174357965e-01	1.826448580310e-01	1.816725777655e-01	3.437499680073e-01	-1.999500586207e-02	3.637449738694e-01	-1.918699898657e-01	4.861401327490e-04	1.848332821076e-03	7.664896371284e-03	5.680781006718e-03	1.984115364566e-03
201                 	3.641626471031e-01	1.824942464640e-01	1.816684006391e-01	3.710050739201e-01	-2.891504263474e-02	3.999201165548e-01	-2.144175795948e-01	4.129229124752e-04	2.497134509756e-03	8.846184382774e-03	6.920226701143e-03	1.925957681631e-03
202                 	3.647783030872e-01	1.827561810850e-01	1.820221220022e-01	4.029672235821e-01	-3.761119434231e-02	4.405784179244e-01	-2.390948061333e-01	3.670295413701e-04	2.873663553969e-03	8.493402447561e-03	7.120364777749e-03	1.373037669811e-03
203                 	3.655321752531e-01	1.831651281822e-01	1.823670470709e-01	4.347009195547e-01	-4.510302159925e-02	4.798039411539e-01	-2.624534813766e-01	3.990405556452e-04	2.681929584001e-03	7.001786007540e-03	6.182822587771e-03	8.189634197691e-04
204                 	3.658107014828e-01	1.832840826588e-01	1.825266188240e-01	4.661616091924e-01	-5.075817944308e-02	5.169197886355e-01	-2.838389840393e-01	3.787319174093e-04	1.791009670243e-03	4.053371706688e-03	3.817695523587e-03	2.356761831009e-04
205                 	3.663291186026e-01	1.833556793824e-01	1.829734392202e-01	4.976056481493e-01	-5.479446777773e-02	5.524001159271e-01	-3.035972918524e-01	1.911200811248e-04	4.738522231723e-04	1.151993849943e-04	5.314519156695e-04	-4.162525306751e-04
206                 	3.681469202777e-01	1.839945278967e-01	1.841523923811e-01	5.260779167321e-01	-5.845740079750e-02	5.845353175296e-01	-3.214963591636e-01	-7.893224218980e-05	-5.685551861665e-04	-3.422414302210e-03	-2.279762337271e-03	-1.142651964938e-03
207                 	3.718999121471e-01	1.856178312361e-01	1.862820809110e-01	5.502048589395e-01	-6.246806728276e-02	6.126729262223e-01	-3.375704967525e-01	-3.321248374492e-04	-7.989152422219e-04	-5.063722138936e-03	-3.330776311690e-03	-1.732945827246e-03
208                 	3.771732458776e-01	1.881721013999e-01	1.890011444777e-01	5.660168076874e-01	-6.692699676437e-02	6.329438044517e-01	-3.499354006080e-01	-4.145215388934e-04	-9.157238004862e-05	-3.967602454782e-03	-2.075373607440e-03	-1.892228847342e-03
209                 	3.822580837906e-01	1.908598391501e-01	1.913982446405e-01	5.704266355871e-01	-7.136982115292e-02	6.417964567400e-01	-3.565831389465e-01	-2.692027452081e-04	1.244578429487e-03	-3.303080420653e-04	1.079424408455e-03	-1.409732450520e-03
210                 	3.858251719938e-01	1.928883853549e-01	1.929367866389e-01	5.650984774211e-01	-7.452900320428e-02	6.396274806253e-01	-3.570782419148e-01	-2.420064201363e-05	2.536836991466e-03	4.251915412026e-03	4.662794697480e-03	-4.108792854534e-04
211                 	3.872718350768e-01	1.938035143765e-01	1.934683207003e-01	5.529072424150e-01	-7.496417621846e-02	6.278714186335e-01	-3.514177974260e-01	1.675968380724e-04	3.134170530964e-03	8.046381814706e-03	7.157361438317e-03	8.890203763893e-04
212                 	3.868579411968e-01	1.936518611154e-01	1.932060800814e-01	5.374069581080e-01	-7.208921579602e-02	6.094961739040e-01	-3.407926948500e-01	2.228905169997e-04	2.840539863403e-03	1.007916269257e-02	7.880121209691e-03	2.199041482884e-03
213                 	3.853116463745e-01	1.928453398032e-01	1.924663065712e-01	5.180387263815e-01	-6.574304857909e-02	5.837817749606e-01	-3.247624117698e-01	1.895166160148e-04	1.999251821891e-03	1.019115763722e-02	7.094830640503e-03	3.096326996722e-03
214                 	3.839340818082e-01	1.921571894622e-01	1.917768923459e-01	4.890265955414e-01	-5.642992330604e-02	5.454565188474e-01	-3.009432210767e-01	1.901485581478e-04	1.133969211946e-03	9.002616830951e-03	5.635277627422e-03	3.367339203529e-03
215                 	3.821353517598e-01	1.913084361197e-01	1.908269156401e-01	4.494514668383e-01	-4.465736008119e-02	4.941088269195e-01	-2.693830935004e-01	2.407602397851e-04	3.152191405247e-04	7.091913582784e-03	3.861175931917e-03	3.230737650867e-03
216                 	3.785701103514e-01	1.895333153685e-01	1.890367949829e-01	4.063920043087e-01	-3.144885017760e-02	4.378408544863e-01	-2.346448523319e-01	2.482601928305e-04	-6.974917650300e-04	4.561932546729e-03	1.583474508334e-03	2.978458038395e-03
217                 	3.722535286088e-01	1.862398859305e-01	1.860136426783e-01	3.679631419706e-01	-1.830785021442e-02	3.862709921850e-01	-2.022894211997e-01	1.131216260782e-04	-2.003109007447e-03	1.352583004195e-03	-1.326817505350e-03	2.679400509545e-03
218                 	3.644724612766e-01	1.821374238755e-01	1.823350374011e-01	3.372550090950e-01	-6.672179545716e-03	3.439271886407e-01	-1.752996840932e-01	-9.880676282563e-05	-3.322292452249e-03	-2.208564659354e-03	-4.426574781926e-03	2.218010122572e-03
219                 	3.582128240119e-01	1.788594564947e-01	1.793533675173e-01	3.148162648357e-01	2.258516543736e-03	3.125577482919e-01	-1.551496158741e-01	-2.469555113029e-04	-4.239568897398e-03	-5.464854748658e-03	-6.971996271727e-03	1.507141523069e-03
220                 	3.556463303680e-01	1.775540524195e-01	1.780922779485e-01	3.019687171182e-01	7.607775250999e-03	2.943609418672e-01	-1.433765833081e-01	-2.691127645143e-04	-4.445980807767e-03	-7.695434435963e-03	-8.293698025748e-03	5.982635897855e-04
221                 	3.560699082478e-01	1.778050929427e-01	1.782648153051e-01	2.982344739016e-01	8.962834935423e-03	2.892716389662e-01	-1.401544020154e-01	-2.298611811695e-04	-3.854552931284e-03	-8.126507972464e-03	-7.917806917516e-03	-2.087010549474e-04
222                 	3.579123001454e-01	1.787724606084e-01	1.791398395370e-01	3.018464240261e-01	5.801543471935e-03	2.960448805541e-01	-1.451216685411e-01	-1.836894643111e-04	-2.845687417284e-03	-6.672199681818e-03	-6.181787258192e-03	-4.904124236252e-04
223                 	3.593669812842e-01	1.795458297686e-01	1.798211515156e-01	3.107129900323e-01	-5.670833444567e-04	3.112800733768e-01	-1.559235783606e-01	-1.376608734761e-04	-1.919724149045e-03	-3.972734563722e-03	-3.906091430906e-03	-6.664313281614e-05
224                 	3.601701032808e-01	1.800461826940e-01	1.801239205868e-01	3.256153230173e-01	-8.861947934147e-03	3.344772709515e-01	-1.716696094428e-01	-3.886894641848e-05	-1.249984385476e-03	-8.090846466732e-04	-1.654526708812e-03	8.454420621392e-04
225                 	3.606618445771e-01	1.804423277440e-01	1.802195168331e-01	3.488347402614e-01	-1.795670547593e-02	3.667914457373e-01	-1.923740756066e-01	1.114054554476e-04	-7.269001792836e-04	2.238369801938e-03	3.922847216855e-04	1.846085080253e-03
226                 	3.614516129428e-01	1.809321859833e-01	1.805194269596e-01	3.795126978490e-01	-2.667213108544e-02	4.061848289344e-01	-2.164284800099e-01	2.063795118506e-04	-4.391015696220e-05	5.000313095420e-03	2.456246390748e-03	2.544066704672e-03
227                 	3.628474955922e-01	1.815646541603e-01	1.812828414319e-01	4.120180713737e-01	-3.474001962779e-02	4.467580910015e-01	-2.407490553146e-01	1.409063642157e-04	9.181243627013e-04	7.464277667425e-03	4.650263196414e-03	2.814014471011e-03
228                 	3.643423684297e-01	1.821490383624e-01	1.821933300674e-01	4.422573203935e-01	-4.272285776877e-02	4.849801781622e-01	-2.638515179655e-01	-2.214585249377e-05	1.981985064440e-03	9.302174093920e-03	6.633072111400e-03	2.669101982520e-03
229                 	3.652453047315e-01	1.823828513848e-01	1.828624533467e-01	4.657617625850e-01	-5.017338801000e-02	5.159351505950e-01	-2.830542693025e-01	-2.398009809614e-04	2.381202457992e-03	9.458191372915e-03	7.110298144450e-03	2.347893228466e-03
230                 	3.658129808239e-01	1.825235473119e-01	1.832894335120e-01	4.817909261457e-01	-5.643701908913e-02	5.382279452348e-01	-2.973324821620e-01	-3.829431000297e-04	1.552653198864e-03	7.169272367566e-03	5.137289382647e-03	2.031982984919e-03
231                 	3.668191266858e-01	1.828685934582e-01	1.839505332276e-01	4.980400301637e-01	-6.072598296856e-02	5.587660131323e-01	-3.097459980504e-01	-5.409698846994e-04	-7.997518760688e-05	2.793970269050e-03	1.317009946918e-03	1.476960322132e-03
232                 	3.693068086108e-01	1.839421421161e-01	1.853646664946e-01	5.204559807143e-01	-6.309381829131e-02	5.835497990056e-01	-3.233218086485e-01	-7.112621892443e-04	-1.679836912808e-03	-2.127710862903e-03	-2.743692344259e-03	6.159814813566e-04
233                 	3.731912681199e-01	1.857212172232e-01	1.874700508966e-01	5.452474453572e-01	-6.441038515619e-02	6.096578305134e-01	-3.370341078348e-01	-8.744168367037e-04	-2.250879233459e-03	-5.251957079818e-03	-4.876857773367e-03	-3.750993064502e-04
234                 	3.774365699660e-01	1.877003064221e-01	1.897362635439e-01	5.640164234979e-01	-6.564663748888e-02	6.296630609868e-01	-3.476548492378e-01	-1.017978560926e-03	-1.726891639072e-03	-5.844544590612e-03	-4.649163934378e-03	-1.195380656234e-03
235                 	3.810053344463e-01	1.893855268167e-01	1.916198076296e-01	5.681919899043e-01	-6.732108445741e-02	6.355130743617e-01	-3.514170794096e-01	-1.117140406428e-03	-6.837722052643e-04	-4.225131737084e-03	-2.796338073806e-03	-1.428793663278e-03
236                 	3.830139365781e-01	1.904373809572e-01	1.925765556210e-01	5.537030491009e-01	-6.931618150440e-02	6.230192306053e-01	-3.461677060548e-01	-1.069587331892e-03	5.708388567822e-04	-7.277979094631e-04	2.069399020507e-04	-9.347378115137e-04
237                 	3.834566941895e-01	1.909130794261e-01	1.925436147634e-01	5.251697982154e-01	-7.003737048019e-02	5.952071686956e-01	-3.326222695879e-01	-8.152676686226e-04	1.749862189386e-03	3.419028202812e-03	3.459376290792e-03	-4.034808797970e-05
238                 	3.829430792734e-01	1.909781006048e-01	1.919649786686e-01	4.929328165962e-01	-6.757382140917e-02	5.605066380053e-01	-3.140402297073e-01	-4.934390318801e-04	2.556743739556e-03	6.630568846405e-03	5.872028162758e-03	7.585406836464e-04
239                 	3.826059114444e-01	1.910241198229e-01	1.915817916215e-01	4.632102941229e-01	-6.070696371032e-02	5.239172578332e-01	-2.923121107718e-01	-2.788358993380e-04	2.903291975737e-03	8.368001905789e-03	7.087292928631e-03	1.280708977158e-03
240                 	3.817784161403e-01	1.906849165335e-01	1.910934996068e-01	4.356034619035e-01	-5.001777503180e-02	4.856212369353e-01	-2.678195059836e-01	-2.042915366649e-04	2.975033947092e-03	9.017015542811e-03	7.483541718497e-03	1.533473824314e-03
241                 	3.792510072101e-01	1.893979782148e-01	1.898530289953e-01	4.039691778497e-01	-3.709643871759e-02	4.410656165673e-01	-2.390810276425e-01	-2.275253902796e-04	2.857734330335e-03	9.285712372782e-03	7.500590516726e-03	1.785121856055e-03
242                 	3.740726920792e-01	1.868047913732e-01	1.872679007060e-01	3.681741082138e-01	-2.371473182523e-02	3.918888400390e-01	-2.078017859321e-01	-2.315546664152e-04	2.721874962236e-03	9.720620825417e-03	7.582185374945e-03	2.138435450472e-03
243                 	3.669861469031e-01	1.833065818058e-01	1.836795650973e-01	3.332828919145e-01	-1.175505857065e-02	3.450379504851e-01	-1.783965045279e-01	-1.864916457061e-04	2.332075022847e-03	9.709189709254e-03	7.186669877474e-03	2.522519831780e-03
244                 	3.607808882172e-01	1.803355008578e-01	1.804453873594e-01	3.061661827111e-01	-2.697403158713e-03	3.088635858698e-01	-1.557804945143e-01	-5.494325083094e-05	1.476261926565e-03	8.221800121952e-03	5.587161987541e-03	2.634638134410e-03
245                 	3.578333803780e-01	1.789509690397e-01	1.788824113383e-01	2.915861682290e-01	3.013893440423e-03	2.885722747886e-01	-1.427791906741e-01	3.427885065996e-05	2.250341809284e-04	4.949699124849e-03	2.699883743353e-03	2.249815381496e-03
246                 	3.577434904610e-01	1.788728023921e-01	1.788706880689e-01	2.902267975113e-01	5.451819302723e-03	2.847749782086e-01	-1.396615794530e-01	1.057161609676e-06	-1.084062805113e-03	8.141525171591e-04	-6.769865465334e-04	1.491139063692e-03
247                 	3.589854102452e-01	1.793495352407e-01	1.796358750045e-01	3.004770246934e-01	4.566798571591e-03	2.959102261218e-01	-1.456717137751e-01	-1.431698819052e-04	-2.234644695216e-03	-3.149624190465e-03	-3.809456790448e-03	6.598325999836e-04
248                 	3.597592070272e-01	1.795899830812e-01	1.801692239460e-01	3.180205999321e-01	6.816482960157e-04	3.173389516361e-01	-1.583286516700e-01	-2.896204323851e-04	-3.018053377781e-03	-6.105302899339e-03	-6.070704827450e-03	-3.459807188899e-05
249                 	3.598809423561e-01	1.795986408160e-01	1.802823015401e-01	3.400166495883e-01	-6.292382790602e-03	3.463090323789e-01	-1.763007075847e-01	-3.418303620646e-04	-3.511302777020e-03	-7.901901398402e-03	-7.462253476221e-03	-4.396479221805e-04
250                 	3.601589307529e-01	1.798309205111e-01	1.803280102418e-01	3.648642667958e-01	-1.588998301435e-02	3.807542498102e-01	-1.983221164123e-01	-2.485448653228e-04	-3.804012265657e-03	-8.700424417826e-03	-8.154224474570e-03	-5.461999432561e-04
251                 	3.613136908867e-01	1.806286740504e-01	1.806850168363e-01	3.901948527253e-01	-2.690077218738e-02	4.170956249127e-01	-2.219981985500e-01	-2.817139298512e-05	-4.043069209646e-03	-8.792978596457e-03	-8.439558507875e-03	-3.534200885823e-04
252                 	3.635857128019e-01	1.820555261726e-01	1.815301866293e-01	4.150995180875e-01	-3.751552883827e-02	4.526150469258e-01	-2.450652878820e-01	2.626697716060e-04	-4.243170694128e-03	-8.237271430158e-03	-8.361806409208e-03	1.245349790494e-04
253                 	3.659121624359e-01	1.834914358314e-01	1.824207266045e-01	4.372016085194e-01	-4.714277298657e-02	4.843443815060e-01	-2.657435772463e-01	5.353546134743e-04	-4.039506605891e-03	-6.512157616663e-03	-7.295585414223e-03	7.834277975594e-04
254                 	3.670966371386e-01	1.842597617561e-01	1.828368753825e-01	4.580077133712e-01	-5.539777045136e-02	5.134054838226e-01	-2.844016271370e-01	7.114431867855e-04	-3.234383897613e-03	-3.224376215628e-03	-4.846572005427e-03	1.622195789798e-03
255                 	3.676046359943e-01	1.845212307217e-01	1.830834052726e-01	4.776961033914e-01	-6.192705172147e-02	5.396231551129e-01	-3.007751034172e-01	7.189127245699e-04	-1.851073146824e-03	1.062103787934e-03	-1.320021252857e-03	2.382125040791e-03
256                 	3.688248825923e-01	1.850193303706e-01	1.838055522217e-01	4.995254590934e-01	-6.660189544167e-02	5.661273545351e-01	-3.163646249884e-01	6.068890744776e-04	-1.643936614808e-04	5.212747378474e-03	2.441980027756e-03	2.770767350718e-03
257                 	3.718695440419e-01	1.863674809719e-01	1.855020630700e-01	5.200173004345e-01	-6.942709026632e-02	5.894443907008e-01	-3.294357404836e-01	4.327089509702e-04	1.554400333086e-03	8.774998831611e-03	5.941899748891e-03	2.833099082720e-03
258                 	3.764671277891e-01	1.885492162659e-01	1.879179115232e-01	5.379744805346e-01	-7.048318575998e-02	6.084576662946e-01	-3.394704260273e-01	3.156523713753e-04	2.496635268679e-03	1.011314618894e-02	7.553208363147e-03	2.559937825790e-03
259                 	3.808904119738e-01	1.907716383137e-01	1.901187736601e-01	5.483010291793e-01	-7.027058093991e-02	6.185716101192e-01	-3.444210955296e-01	3.264323267822e-04	2.266779458339e-03	8.693829293378e-03	6.613694105028e-03	2.080135188351e-03
260                 	3.837718756795e-01	1.921761336973e-01	1.915957419822e-01	5.516300595634e-01	-6.884733170675e-02	6.204773912702e-01	-3.446623614885e-01	2.901958575230e-04	1.155514414914e-03	4.775833053795e-03	3.543430941812e-03	1.232402111983e-03
261                 	3.845110645322e-01	1.923543657966e-01	1.921566987356e-01	5.496016804674e-01	-6.652694686015e-02	6.161286273276e-01	-3.413277870939e-01	9.883353050988e-05	-1.050727557862e-04	-2.099774732191e-04	-2.100614923958e-04	8.401917671922e-08
262                 	3.837256986631e-01	1.916839890066e-01	1.920417096565e-01	5.422070845719e-01	-6.321158885363e-02	6.054186734255e-01	-3.343151311396e-01	-1.788603249681e-04	-9.399556870175e-04	-4.675812036206e-03	-3.277861705121e-03	-1.397950331086e-03
263                 	3.823666443903e-01	1.907350549917e-01	1.916315893985e-01	5.286921863369e-01	-5.843722795389e-02	5.871294142908e-01	-3.227833211223e-01	-4.482672034171e-04	-1.088183780994e-03	-7.362506073403e-03	-4.769436817696e-03	-2.593069255707e-03
264                 	3.818295744475e-01	1.903693612543e-01	1.914602131932e-01	5.029244909854e-01	-5.148426586149e-02	5.544087568469e-01	-3.029465113542e-01	-5.454259694773e-04	-7.057250130292e-04	-7.827813580940e-03	-4.619631803499e-03	-3.208181777441e-03
265                 	3.814205330505e-01	1.902772970643e-01	1.911432359862e-01	4.631256347938e-01	-4.262112166398e-02	5.057467564578e-01	-2.741839390609e-01	-4.329694609356e-04	-1.704895181344e-05	-6.315971917205e-03	-3.175034910416e-03	-3.140937006789e-03
266                 	3.795067704875e-01	1.895131850542e-01	1.899935854333e-01	4.120920001666e-01	-3.349892088430e-02	4.455909210509e-01	-2.395449209676e-01	-2.402001895526e-04	1.087160021358e-03	-2.747056927737e-03	-2.863684425102e-04	-2.460688485227e-03
267                 	3.750316866492e-01	1.874021869401e-01	1.876294997092e-01	3.600564533238e-01	-2.550495514157e-02	3.855614084653e-01	-2.055331818034e-01	-1.136563845380e-04	2.483870910143e-03	2.386630985356e-03	3.677186402821e-03	-1.290555417465e-03
268                 	3.689543132029e-01	1.844073183693e-01	1.845469948336e-01	3.157094424346e-01	-1.875184204946e-02	3.344612844841e-01	-1.766065632668e-01	-6.983823217583e-05	3.791581194015e-03	7.855925336980e-03	7.719543862505e-03	1.363814744744e-04
269                 	3.638290334016e-01	1.819099482688e-01	1.819190851327e-01	2.875716605890e-01	-1.250172025886e-02	3.000733808478e-01	-1.562875505533e-01	-4.568431953618e-06	4.472954921449e-03	1.176512735603e-02	1.035551859947e-02	1.409608756567e-03
270                 	3.617788681353e-01	1.810358052289e-01	1.807430629064e-01	2.750043920885e-01	-7.294235690576e-03	2.822986277791e-01	-1.447964317348e-01	1.463711612117e-04	4.674223799461e-03	1.382861355457e-02	1.158853057675e-02	2.240082977824e-03
271                 	3.622477905859e-01	1.814961319900e-01	1.807516585959e-01	2.792391488304e-01	-3.370177899768e-03	2.826093267301e-01	-1.429897523149e-01	3.722366970765e-04	4.271581206345e-03	1.354113006884e-02	1.104214624077e-02	2.498983828077e-03
272                 	3.633334288602e-01	1.822154829808e-01	1.811179458795e-01	2.965304717660e-01	-1.592982189435e-03	2.981234539554e-01	-1.498582180724e-01	5.487685506433e-04	3.191520289411e-03	1.080922578907e-02	8.596133183944e-03	2.213092605122e-03
273                 	3.629768008649e-01	1.820089902395e-01	1.809678106254e-01	3.208353268665e-01	-2.701896037083e-03	3.235372229036e-01	-1.631195594704e-01	5.205898070608e-04	1.610101220630e-03	6.048947744830e-03	4.634575093045e-03	1.414372651785e-03
274                 	3.613094198572e-01	1.809295028540e-01	1.803799170032e-01	3.488158827770e-01	-6.510599252177e-03	3.553264820292e-01	-1.809185406407e-01	2.747929253993e-04	4.196424519778e-06	5.869558631959e-04	2.976743561177e-04	2.892815070782e-04
275                 	3.594005874049e-01	1.796163526626e-01	1.797842347423e-01	3.770479377573e-01	-1.340579017056e-02	3.904537279279e-01	-2.019297590492e-01	-8.394103981835e-05	-1.266677051587e-03	-4.438103195306e-03	-3.485728649240e-03	-9.523745460666e-04
276                 	3.585759412065e-01	1.788402111954e-01	1.797357300112e-01	4.004392151371e-01	-2.295894704463e-02	4.233981621818e-01	-2.231785546132e-01	-4.477594079017e-04	-1.809849942554e-03	-7.699682985640e-03	-5.659691435374e-03	-2.039991550266e-03
277                 	3.596363072357e-01	1.791082515247e-01	1.805280557110e-01	4.175706578242e-01	-3.411741031734e-02	4.516880681415e-01	-2.429027392294e-01	-7.099020931038e-04	-1.616295700113e-03	-8.579532844100e-03	-5.906062122163e-03	-2.673470721937e-03
278                 	3.621654050502e-01	1.803132292610e-01	1.818521757892e-01	4.313340170417e-01	-4.534501485217e-02	4.766790318938e-01	-2.610120233730e-01	-7.694732641208e-04	-8.404243272156e-04	-6.739264862751e-03	-4.210056758591e-03	-2.529208104160e-03
279                 	3.647351231676e-01	1.818003574628e-01	1.829347657048e-01	4.450996055711e-01	-5.556597792296e-02	5.006655834940e-01	-2.781157807085e-01	-5.672041210263e-04	3.233798310397e-04	-2.579752111085e-03	-9.664962245028e-04	-1.613255886582e-03
280                 	3.671021492194e-01	1.833278609333e-01	1.837742882862e-01	4.639527499807e-01	-6.379586889786e-02	5.277486188785e-01	-2.957722438882e-01	-2.232136764646e-04	1.237051299395e-03	2.065645807664e-03	2.269874203227e-03	-2.042283955630e-04
281                 	3.697492451621e-01	1.847984124625e-01	1.849508326996e-01	4.863582260903e-01	-6.986111723530e-02	5.562193433256e-01	-3.130402302805e-01	-7.621011856619e-05	1.713963736674e-03	5.871183443666e-03	4.649555458506e-03	1.221627985159e-03
282                 	3.733674348948e-01	1.865235307482e-01	1.868439041466e-01	5.121410360627e-01	-7.367073183773e-02	5.858117679005e-01	-3.297412498691e-01	-1.601866991755e-04	2.284028695369e-03	9.187728892289e-03	6.877893141513e-03	2.309835750776e-03
283                 	3.779202000820e-01	1.886829804862e-01	1.892372195958e-01	5.385943260579e-01	-7.512068572302e-02	6.137150117809e-01	-3.444178487519e-01	-2.771195547668e-04	3.247072644164e-03	1.226207207588e-02	9.378108682103e-03	2.883963393774e-03
284                 	3.821215779101e-01	1.908555892972e-01	1.912659886129e-01	5.586480804299e-01	-7.481375768527e-02	6.334618381152e-01	-3.541377979002e-01	-2.051996578831e-04	4.212155469238e-03	1.431905674064e-02	1.137168383956e-02	2.947372901082e-03
285                 	3.844718348527e-01	1.922831778523e-01	1.921886570005e-01	5.659182916830e-01	-7.377387228117e-02	6.396921639642e-01	-3.567330181227e-01	4.726042591329e-05	4.354306406361e-03	1.393327345180e-02	1.132094313226e-02	2.612330319541e-03
286                 	3.843431363747e-01	1.924629710517e-01	1.918801653230e-01	5.565041294084e-01	-7.260148296518e-02	6.291056123736e-01	-3.508535476694e-01	2.914028643300e-04	3.251008047424e-03	1.036108651356e-02	8.431551304205e-03	1.929535209357e-03
287                 	3.825712000004e-01	1.915313116238e-01	1.910398883766e-01	5.334219137053e-01	-7.026864030175e-02	6.036905540070e-01	-3.369795971544e-01	2.457116235717e-04	1.783539501723e-03	5.430702664592e-03	4.498890834019e-03	9.318118305730e-04
288                 	3.803884190692e-01	1.900075711926e-01	1.903808478766e-01	5.030570616980e-01	-6.551922265926e-02	5.685762843573e-01	-3.170477535083e-01	-1.866383420191e-04	6.241220809755e-04	6.812235507827e-04	9.647338563669e-04	-2.835103055842e-04
289                 	3.792734992962e-01	1.888727140276e-01	1.904007852686e-01	4.714910760945e-01	-5.758080676613e-02	5.290718828606e-01	-2.933263448134e-01	-7.640356205158e-04	1.539363827760e-04	-2.685389237079e-03	-1.188758235764e-03	-1.496631001316e-03
290                 	3.784069190981e-01	1.881190774624e-01	1.902878416357e-01	4.414335961573e-01	-4.682214183361e-02	4.882557379909e-01	-2.675389399123e-01	-1.084382086658e-03	1.943965463287e-04	-4.431746627884e-03	-2.021476767614e-03	-2.410269860271e-03
291                 	3.763864345041e-01	1.872096129986e-01	1.891768215055e-01	4.099979773943e-01	-3.457318071671e-02	4.445711581110e-01	-2.395721694138e-01	-9.836042534402e-04	2.173372722312e-04	-5.242218747041e-03	-2.403772101289e-03	-2.838446645752e-03
292                 	3.720338194196e-01	1.853445069600e-01	1.866893124597e-01	3.764520124454e-01	-2.300064060252e-02	3.994526530479e-01	-2.112266468252e-01	-6.724027498481e-04	9.209758624381e-05	-5.374599906445e-03	-2.595202366979e-03	-2.779397539467e-03
293                 	3.662236362852e-01	1.826755043754e-01	1.835481319099e-01	3.432313762486e-01	-1.374339071803e-02	3.569747669666e-01	-1.853590788423e-01	-4.363137672530e-04	-6.038758701786e-05	-4.851985214459e-03	-2.486380194247e-03	-2.365605020211e-03
294                 	3.617648011796e-01	1.805380040017e-01	1.812267971779e-01	3.155449153775e-01	-7.051459202022e-03	3.225963745795e-01	-1.648239168908e-01	-3.443965880931e-04	7.228109722993e-05	-3.557508504418e-03	-1.706473154979e-03	-1.851035349439e-03
295                 	3.603755402997e-01	1.798969241658e-01	1.804786161339e-01	2.961087584657e-01	-2.650172499977e-03	2.987589309657e-01	-1.507045517328e-01	-2.908459840500e-04	6.313268082870e-04	-1.308908096899e-03	-2.312724016232e-05	-1.285780856736e-03
296                 	3.608741123232e-01	1.802621028952e-01	1.806120094280e-01	2.881480425746e-01	-6.153079478546e-04	2.887633505225e-01	-1.446893292352e-01	-1.749532664155e-04	1.440000335094e-03	1.600879060657e-03	2.240439865422e-03	-6.395608047655e-04
297                 	3.616893221084e-01	1.808049634706e-01	1.808843586378e-01	2.929987097838e-01	-1.186440977528e-03	2.941851507614e-01	-1.476857958694e-01	-3.969758355505e-05	2.314267004676e-03	4.797106813227e-03	4.712820411290e-03	8.428640193738e-05
298                 	3.614265949218e-01	1.807561378689e-01	1.806704570529e-01	3.090473087610e-01	-4.458492579753e-03	3.135058013408e-01	-1.589821469603e-01	4.284040799296e-05	3.076716958905e-03	7.660232595539e-03	6.906833256674e-03	7.533993388647e-04
299                 	3.605015245937e-01	1.802740353969e-01	1.802274891968e-01	3.350543226133e-01	-9.622844462688e-03	3.446771670759e-01	-1.771500057693e-01	2.327310004574e-05	3.493811029947e-03	9.232814632420e-03	8.110218346157e-03	1.122596286263e-03
300                 	3.600404703244e-01	1.799368426941e-01	1.801036276303e-01	3.656228369146e-01	-1.604734581539e-02	3.816701827300e-01	-1.988587642727e-01	-8.339246810167e-05	3.594443822578e-03	9.481392960196e-03	8.335140302677e-03	1.146252657520e-03
301                 	3.606766956168e-01	1.800934539363e-01	1.805832416806e-01	3.956720783970e-01	-2.298559655543e-02	4.186576749525e-01	-2.208216357539e-01	-2.448938721600e-04	3.292553366164e-03	8.401838397860e-03	7.493472565094e-03	9.083658327657e-04
302                 	3.624129006112e-01	1.807607879788e-01	1.816521126324e-01	4.231770746455e-01	-3.029666617171e-02	4.534737408173e-01	-2.418852034945e-01	-4.456623267903e-04	2.752964758172e-03	6.107816930529e-03	5.806873223437e-03	3.009437070927e-04
303                 	3.644447477597e-01	1.815736190024e-01	1.828711287574e-01	4.501964791615e-01	-3.799913834647e-02	4.881956175080e-01	-2.630973779272e-01	-6.487548774798e-04	2.073926758696e-03	2.850521123239e-03	3.499187320316e-03	-6.486661970761e-04
304                 	3.653556205059e-01	1.818070998404e-01	1.835485206656e-01	4.734887993558e-01	-4.668982619960e-02	5.201786255554e-01	-2.834342258775e-01	-8.707104125920e-04	1.494699519329e-03	-5.834960296062e-04	1.202951504525e-03	-1.786447534132e-03
305                 	3.656521557352e-01	1.817896947136e-01	1.838624610216e-01	4.926768596678e-01	-5.545418394945e-02	5.481310436172e-01	-3.017926137833e-01	-1.036383154026e-03	1.153852816723e-03	-3.636492692008e-03	-6.643935292811e-04	-2.972099162727e-03
306                 	3.670109652497e-01	1.824544249470e-01	1.845565403026e-01	5.084657631767e-01	-6.329332953927e-02	5.717590927160e-01	-3.175262111276e-01	-1.051057677805e-03	1.033983652620e-03	-5.486561100720e-03	-1.709296897740e-03	-3.777264202980e-03
307                 	3.706206900328e-01	1.844343490860e-01	1.861863409468e-01	5.227649646924e-01	-6.896119032102e-02	5.917261550134e-01	-3.303436726672e-01	-8.759959304293e-04	1.142878722758e-03	-5.689074958518e-03	-1.701658756501e-03	-3.987416202016e-03
308                 	3.758749276165e-01	1.873223653654e-01	1.885525622511e-01	5.337167472435e-01	-7.287594980455e-02	6.065926970480e-01	-3.397343234263e-01	-6.150984428192e-04	1.244188495815e-03	-4.529471519065e-03	-1.020547263718e-03	-3.508924255348e-03
309                 	3.809663415872e-01	1.900753114740e-01	1.908910301132e-01	5.429925376363e-01	-7.491688311115e-02	6.179094207475e-01	-3.464131519293e-01	-4.078593196100e-04	1.594401081330e-03	-1.594185835715e-03	7.973081634729e-04	-2.391493999187e-03
310                 	3.842220225067e-01	1.918054737356e-01	1.924165487711e-01	5.428953234645e-01	-7.523674340900e-02	6.181320668735e-01	-3.466844051412e-01	-3.055375177450e-04	2.111319546128e-03	2.129699368162e-03	3.176169230209e-03	-1.046469862047e-03
311                 	3.851307203790e-01	1.924534070685e-01	1.926773133104e-01	5.356538810358e-01	-7.322806991686e-02	6.088819509527e-01	-3.410550104348e-01	-1.119531209687e-04	2.943467186372e-03	6.255747665756e-03	6.071341019250e-03	1.844066465054e-04
312                 	3.842818220679e-01	1.923664297122e-01	1.919153923558e-01	5.254745977967e-01	-6.889301895237e-02	5.943676167491e-01	-3.316303178507e-01	2.255186782005e-04	3.728623596575e-03	9.694944233550e-03	8.576095713350e-03	1.118848520200e-03
313                 	3.828376618765e-01	1.919531367197e-01	1.908845251568e-01	5.127792528817e-01	-6.227031738204e-02	5.750495702637e-01	-3.186599438229e-01	5.343057814413e-04	3.635121203193e-03	1.075352026901e-02	9.011881337698e-03	1.741638931312e-03
314                 	3.820553144949e-01	1.916798383106e-01	1.903754761842e-01	4.952394386164e-01	-5.275892377549e-02	5.479983623919e-01	-3.003786430837e-01	6.521810632005e-04	2.228624652147e-03	8.739810313209e-03	6.598529808751e-03	2.141280504458e-03
315                 	3.809212809524e-01	1.909863269613e-01	1.899349539911e-01	4.642228625945e-01	-4.126043615754e-02	5.054832987520e-01	-2.733718674548e-01	5.256864850826e-04	-3.496112554031e-04	3.533624766527e-03	1.417201127860e-03	2.116423638667e-03
316                 	3.776437858276e-01	1.890229972950e-01	1.886207885326e-01	4.213684657698e-01	-2.936962579337e-02	4.507380915632e-01	-2.400538586783e-01	2.011043812377e-04	-3.126897248910e-03	-3.680393894799e-03	-4.967094196310e-03	1.286700301510e-03
317                 	3.713441525335e-01	1.854663671414e-01	1.858777853922e-01	3.739706690529e-01	-1.897254450626e-02	3.929432135591e-01	-2.059578790327e-01	-2.057091253782e-04	-4.927851602326e-03	-1.073581275174e-02	-1.029575797820e-02	-4.400547735430e-04
318                 	3.637315739742e-01	1.813184651245e-01	1.824131088498e-01	3.335214813939e-01	-1.077635231513e-02	3.442978337091e-01	-1.775370930121e-01	-5.473218626400e-04	-5.305247744817e-03	-1.556418311407e-02	-1.308733930185e-02	-2.476843812216e-03
319                 	3.580850616937e-01	1.782580817887e-01	1.798269799050e-01	3.070899184331e-01	-4.679958583188e-03	3.117698770163e-01	-1.582249177998e-01	-7.844490581519e-04	-3.990948660315e-03	-1.591873302179e-02	-1.195031517121e-02	-3.968417850582e-03
320                 	3.567776871230e-01	1.774280699385e-01	1.793496171845e-01	2.927470613568e-01	-1.431448818845e-03	2.941785101757e-01	-1.478049794973e-01	-9.607736229930e-04	-1.596671124794e-03	-1.189932745551e-02	-7.546334852549e-03	-4.352992602961e-03
321                 	3.589088401804e-01	1.783132504370e-01	1.805955897435e-01	2.846637686913e-01	-1.411069897532e-03	2.860748385889e-01	-1.437429542432e-01	-1.141169653257e-03	1.086517206419e-03	-5.154158080831e-03	-1.490561833997e-03	-3.663596246834e-03
322                 	3.621091659339e-01	1.798989597499e-01	1.822102061840e-01	2.830781067635e-01	-4.375810766025e-03	2.874539175295e-01	-1.459148641478e-01	-1.155623217049e-03	3.291896906051e-03	1.689594135752e-03	4.136693973927e-03	-2.447099838175e-03
323                 	3.637780565429e-01	1.809485221667e-01	1.828295343762e-01	2.919098535978e-01	-8.968320266666e-03	3.008781738645e-01	-1.549232470656e-01	-9.405061047265e-04	4.665436248152e-03	6.725970707331e-03	8.028421601817e-03	-1.302450894486e-03
324                 	3.634262632306e-01	1.810889936687e-01	1.823372695619e-01	3.167601138218e-01	-1.439594425878e-02	3.311560580806e-01	-1.727760011697e-01	-6.241379466234e-04	5.419322109305e-03	9.963140702029e-03	1.040089246032e-02	-4.377517582908e-04
325                 	3.623028503530e-01	1.807939001522e-01	1.815089502008e-01	3.545398933376e-01	-2.037189526098e-02	3.749117885986e-01	-1.976418419298e-01	-3.575250243391e-04	5.909882036445e-03	1.219700613265e-02	1.200838510277e-02	1.886210298773e-04
326                 	3.614785260912e-01	1.804583322762e-01	1.810201938151e-01	3.951448223314e-01	-2.675695801673e-02	4.219017803481e-01	-2.243293691824e-01	-2.809307694577e-04	6.205948403428e-03	1.382672449575e-02	1.311931065130e-02	7.074138444488e-04
327                 	3.617912885477e-01	1.805057097285e-01	1.812855788192e-01	4.291110491726e-01	-3.390813589553e-02	4.630191850682e-01	-2.484636604818e-01	-3.899345453381e-04	6.101840003751e-03	1.432707622567e-02	1.326537811659e-02	1.061698109085e-03
328                 	3.628115714649e-01	1.808060706910e-01	1.820055007739e-01	4.538127759486e-01	-4.224833050452e-02	4.960611064531e-01	-2.691547184788e-01	-5.997150414155e-04	5.583592267055e-03	1.310723170515e-02	1.213720811963e-02	9.700235855223e-04
329                 	3.634767370560e-01	1.809621418268e-01	1.825145952292e-01	4.703498275271e-01	-5.091943827366e-02	5.212692658008e-01	-2.860943520372e-01	-7.762267011872e-04	4.651856769721e-03	9.936284897995e-03	9.619999218718e-03	3.162856792762e-04
330                 	3.640408900891e-01	1.811583611130e-01	1.828825289760e-01	4.837359635161e-01	-5.930372065131e-02	5.430396841675e-01	-3.011717024094e-01	-8.620839314918e-04	3.357985126039e-03	5.007938194901e-03	5.861954223489e-03	-8.540160285881e-04
331                 	3.656093706717e-01	1.819124704223e-01	1.836969002494e-01	4.987329614178e-01	-6.675693923338e-02	5.654899006512e-01	-3.161234199423e-01	-8.922149135271e-04	1.975433828669e-03	-3.305089329584e-04	1.810179362189e-03	-2.140688295148e-03
332                 	3.691212644273e-01	1.836508012645e-01	1.854704631628e-01	5.147436456480e-01	-7.266984089276e-02	5.874134865408e-01	-3.300416637168e-01	-9.098309491356e-04	5.752240090934e-04	-5.157799896142e-03	-2.003675938978e-03	-3.154123957164e-03
333                 	3.740950285044e-01	1.861467617446e-01	1.879482667598e-01	5.306630787905e-01	-7.690213786090e-02	6.075652166514e-01	-3.422336772561e-01	-9.007525075932e-04	-1.023582372295e-03	-9.211446297414e-03	-5.629305521002e-03	-3.582140776413e-03
334                 	3.794458920769e-01	1.888913492715e-01	1.905545428054e-01	5.453327625813e-01	-7.858229042782e-02	6.239150530091e-01	-3.512486717185e-01	-8.315967669459e-04	-2.737206917692e-03	-1.230666387853e-02	-8.890538856957e-03	-3.416125021572e-03
335                 	3.838589608236e-01	1.911886542382e-01	1.926703065854e-01	5.529733297782e-01	-7.727924845350e-02	6.302525782317e-01	-3.537659133426e-01	-7.408261735694e-04	-4.234390691714e-03	-1.419131177846e-02	-1.133004658094e-02	-2.861265197517e-03
336                 	3.864247892800e-01	1.925639720111e-01	1.938608172689e-01	5.495854945106e-01	-7.354937567723e-02	6.231348701879e-01	-3.483421229325e-01	-6.484226289275e-04	-4.753623337118e-03	-1.420970697128e-02	-1.185847682276e-02	-2.351230148521e-03
337                 	3.869834239984e-01	1.930527557636e-01	1.939306682348e-01	5.372294958882e-01	-6.749685005802e-02	6.047263459462e-01	-3.361115980021e-01	-4.389562356179e-04	-3.803713458369e-03	-1.183237689493e-02	-9.719901905836e-03	-2.112474989097e-03
338                 	3.859059415934e-01	1.928192480114e-01	1.930866935820e-01	5.176790675201e-01	-5.944408389738e-02	5.771231514175e-01	-3.182836176574e-01	-1.337227852931e-04	-1.665519495541e-03	-7.459055990637e-03	-5.395047490859e-03	-2.064008499778e-03
339                 	3.841433245192e-01	1.922846844118e-01	1.918586401074e-01	4.913612535691e-01	-4.967531466957e-02	5.410365682387e-01	-2.953559414541e-01	2.130221521918e-04	7.226210836893e-04	-2.219103836367e-03	-3.869308344940e-04	-1.832173001873e-03
340                 	3.812210864622e-01	1.911018213435e-01	1.901192651188e-01	4.571674408989e-01	-3.879717684516e-02	4.959646177440e-01	-2.673808972946e-01	4.912781123599e-04	2.344123039257e-03	2.269606996069e-03	3.478926537291e-03	-1.209319541222e-03
341                 	3.766421187089e-01	1.889682139313e-01	1.876739047775e-01	4.166565181613e-01	-2.760909161666e-02	4.442656097780e-01	-2.359373506973e-01	6.471545769030e-04	2.782979984883e-03	4.730773130542e-03	5.148366550154e-03	-4.175934196122e-04
342                 	3.705429774426e-01	1.859427923140e-01	1.846001851286e-01	3.756017890708e-01	-1.701053299479e-02	3.926123220656e-01	-2.048114275302e-01	6.713035926569e-04	2.431095302910e-03	5.192454857640e-03	5.027322731730e-03	1.651321259098e-04
343                 	3.643644730952e-01	1.828320693675e-01	1.815324037277e-01	3.387664952617e-01	-8.573944107703e-03	3.473404393694e-01	-1.779571917385e-01	6.498328199092e-04	1.825884179388e-03	4.055015818029e-03	3.853392088402e-03	2.016237296270e-04
344                 	3.606197948399e-01	1.808887310635e-01	1.797310637764e-01	3.150700155212e-01	-2.594305626988e-03	3.176643211482e-01	-1.601293133876e-01	5.788336435414e-04	8.612722871453e-04	1.181927054834e-03	1.452235814563e-03	-2.703087597281e-04
345                 	3.604987942658e-01	1.808189628668e-01	1.796798313990e-01	3.025807142681e-01	6.799037940018e-04	3.019008104741e-01	-1.506104533401e-01	5.695657339045e-04	-3.322557661686e-04	-2.397006257023e-03	-1.530758894680e-03	-8.662473623431e-04
346                 	3.624256276715e-01	1.817031669455e-01	1.807224607259e-01	3.035742966427e-01	1.937776203982e-03	3.016365204387e-01	-1.498493721174e-01	4.903531097943e-04	-1.949629155727e-03	-6.903668241314e-03	-5.401463276384e-03	-1.502204964930e-03
347                 	3.644820165147e-01	1.826605353872e-01	1.818214811275e-01	3.138010271653e-01	1.141346327933e-03	3.126596808373e-01	-1.557591672547e-01	4.195271298434e-04	-3.445651652478e-03	-1.110557688212e-02	-8.998440093540e-03	-2.107136788583e-03
348                 	3.650626299096e-01	1.829228804406e-01	1.821397494690e-01	3.287210951767e-01	-2.128403633598e-03	3.308494988103e-01	-1.664889512219e-01	3.915654858449e-04	-4.152897431167e-03	-1.337321004391e-02	-1.083950245312e-02	-2.533707590790e-03
349                 	3.643588383682e-01	1.825920811038e-01	1.817667572644e-01	3.464616777151e-01	-8.085648932269e-03	3.545473266474e-01	-1.813164877898e-01	4.126619197221e-04	-3.705110028079e-03	-1.273917562141e-02	-1.007469783879e-02	-2.664477782628e-03
350                 	3.634692850516e-01	1.822150534005e-01	1.812542316511e-01	3.624955359307e-01	-1.644619691731e-02	3.789417328480e-01	-1.976939648827e-01	4.804108746902e-04	-2.187478363195e-03	-9.551504631165e-03	-6.963230678778e-03	-2.588273952388e-03
351                 	3.630424310326e-01	1.821065557731e-01	1.809358752595e-01	3.784250047504e-01	-2.654534761097e-02	4.049703523613e-01	-2.157578499862e-01	5.853402567909e-04	-4.011426840452e-05	-4.580493322404e-03	-2.330360929607e-03	-2.250132392798e-03
352                 	3.631782126850e-01	1.822936373202e-01	1.808845753648e-01	3.969232303492e-01	-3.648962862567e-02	4.334128589749e-01	-2.349512438003e-01	7.045309776739e-04	1.820101722704e-03	6.008895391321e-04	2.120546492270e-03	-1.519656953138e-03
353                 	3.634971287499e-01	1.824605178061e-01	1.810366109437e-01	4.211549677753e-01	-4.517008497855e-02	4.663250527538e-01	-2.557475688662e-01	7.119534312035e-04	2.600764978849e-03	4.556118157582e-03	4.878824057640e-03	-3.227059000582e-04
354                 	3.634466835487e-01	1.823385192601e-01	1.811081642886e-01	4.517475468244e-01	-5.213991980938e-02	5.038874666337e-01	-2.780136932216e-01	6.151774857636e-04	2.100094478048e-03	6.306971721446e-03	5.253580338771e-03	1.053391382675e-03
355                 	3.639625304603e-01	1.824816824063e-01	1.814808480540e-01	4.843980305816e-01	-5.747345695813e-02	5.418714875398e-01	-2.996724722489e-01	5.004171761422e-04	9.797639313897e-04	5.960759097783e-03	3.960143480281e-03	2.000615617502e-03
356                 	3.661394295383e-01	1.834911931724e-01	1.826482363658e-01	5.110980298706e-01	-6.204130551002e-02	5.731393353806e-01	-3.175903204453e-01	4.214784032982e-04	1.056500412154e-04	4.631631019873e-03	2.421465551152e-03	2.210165468721e-03
357                 	3.702380809582e-01	1.854646926922e-01	1.847733882660e-01	5.267178970207e-01	-6.654283352781e-02	5.932607305485e-01	-3.299017820382e-01	3.456522131476e-04	-3.162340520330e-04	3.146210461558e-03	1.256871178746e-03	1.889339282812e-03
358                 	3.753401478094e-01	1.878394014010e-01	1.875007464084e-01	5.376455941649e-01	-7.043906340260e-02	6.080846575675e-01	-3.392618604850e-01	1.693274963334e-04	-7.353322365116e-04	1.167913701078e-03	-1.513753859728e-04	1.319289087051e-03
359                 	3.797762794356e-01	1.897821261911e-01	1.899941532445e-01	5.493781066951e-01	-7.275690530877e-02	6.221350120039e-01	-3.474459586563e-01	-1.060135266802e-04	-1.612488622710e-03	-1.844117283190e-03	-2.534547264305e-03	6.904299811151e-04
360                 	3.823357313428e-01	1.908315481119e-01	1.915041832309e-01	5.606270100841e-01	-7.243990823128e-02	6.330669183154e-01	-3.527534132733e-01	-3.363175595039e-04	-2.946347293577e-03	-5.774298884115e-03	-5.833496735635e-03	5.919785151928e-05
361                 	3.826007536353e-01	1.908974247108e-01	1.917033289245e-01	5.645600301594e-01	-6.961312918804e-02	6.341731593475e-01	-3.518931442678e-01	-4.029521068818e-04	-4.208529156702e-03	-9.605536216603e-03	-9.011297265004e-03	-5.942389515990e-04
362                 	3.814585464049e-01	1.904392591153e-01	1.910192872895e-01	5.529702318551e-01	-6.503122072214e-02	6.180014525772e-01	-3.415163366497e-01	-2.900140871150e-04	-4.765077668801e-03	-1.181956304828e-02	-1.067485919294e-02	-1.144703855341e-03
363                 	3.798277453794e-01	1.898423923360e-01	1.899853530433e-01	5.227927605699e-01	-5.951814212404e-02	5.823109026940e-01	-3.209145224090e-01	-7.148035365147e-05	-4.149485797324e-03	-1.107022099668e-02	-9.684596295662e-03	-1.385624701014e-03
364                 	3.789160971772e-01	1.896773974015e-01	1.892386997757e-01	4.816620383553e-01	-5.285350367356e-02	5.345155420288e-01	-2.936845228512e-01	2.193488128881e-04	-2.787667182275e-03	-7.728594029606e-03	-6.651964197078e-03	-1.076629832528e-03
365                 	3.777855610634e-01	1.893213429439e-01	1.884642181195e-01	4.394931072479e-01	-4.445265653002e-02	4.839457637779e-01	-2.641992101540e-01	4.285624121981e-04	-1.094397123259e-03	-2.432667984732e-03	-2.310731115625e-03	-1.219368691066e-04
366                 	3.747383091146e-01	1.878173187534e-01	1.869209903613e-01	4.001358385936e-01	-3.415139368454e-02	4.342872322781e-01	-2.342193129813e-01	4.481641960415e-04	2.017308625010e-04	3.034625625827e-03	1.719043675414e-03	1.315581950412e-03
367                 	3.692136264652e-01	1.849945571217e-01	1.842190693435e-01	3.679505530952e-01	-2.215391853862e-02	3.901044716339e-01	-2.061291950862e-01	3.877438891191e-04	9.881861338371e-04	7.514529850938e-03	4.745451059306e-03	2.769078791632e-03
368                 	3.627548707475e-01	1.817116150422e-01	1.810432557054e-01	3.424875269205e-01	-1.077245223394e-02	3.532599791545e-01	-1.820162156942e-01	3.341796684158e-04	1.273044328006e-03	9.794455118147e-03	6.170271887079e-03	3.624183231068e-03
369                 	3.584362788803e-01	1.795885541398e-01	1.788477247405e-01	3.231759782245e-01	-2.574273339147e-03	3.257502515637e-01	-1.641622624514e-01	3.704146996783e-04	1.568352089528e-03	9.799997931603e-03	6.468351055329e-03	3.331646876274e-03
370                 	3.578438778147e-01	1.792770137444e-01	1.785668640703e-01	3.072135223647e-01	1.382375127799e-03	3.058311472369e-01	-1.522243860545e-01	3.550748370745e-04	1.699701021652e-03	7.781599534838e-03	5.590500789071e-03	2.191098745767e-03
371                 	3.595107359641e-01	1.800556198525e-01	1.794551161116e-01	2.953977049529e-01	1.940582851730e-03	2.934571221012e-01	-1.457582696247e-01	3.002518704503e-04	1.258227851434e-03	4.269515136523e-03	3.392985419696e-03	8.765297168274e-04
372                 	3.611153284239e-01	1.806472639649e-01	1.804680644589e-01	2.917183960717e-01	-3.531657763060e-04	2.920715618480e-01	-1.462123638122e-01	8.959975298274e-05	-1.330248645460e-04	-7.776606844948e-04	-5.218552067934e-04	-2.558054777014e-04
373                 	3.612347780694e-01	1.803828055709e-01	1.808519724984e-01	3.008513897494e-01	-3.832545700153e-03	3.046839354495e-01	-1.542582405749e-01	-2.345834637504e-04	-2.126332130631e-03	-6.478809767306e-03	-5.365737014284e-03	-1.113072753022e-03
374                 	3.600970183998e-01	1.795411926563e-01	1.805558257435e-01	3.252998756157e-01	-9.073322133485e-03	3.343731977492e-01	-1.717232599413e-01	-5.073165435793e-04	-3.537388150827e-03	-1.071672793474e-02	-8.895752118199e-03	-1.820975816545e-03
375                 	3.592934038679e-01	1.789446804163e-01	1.803487234516e-01	3.619953978078e-01	-1.644912230480e-02	3.784445201126e-01	-1.974468212087e-01	-7.020215176734e-04	-3.465505423768e-03	-1.189872345907e-02	-9.414867153305e-03	-2.483856305769e-03
376                 	3.596037906267e-01	1.790852454384e-01	1.805185451883e-01	3.950977795360e-01	-2.628789781827e-02	4.213856773543e-01	-2.238367875863e-01	-7.166498749319e-04	-2.035337530299e-03	-9.412408096087e-03	-6.741541578343e-03	-2.670866517745e-03
377                 	3.610061883207e-01	1.800733030911e-01	1.809328852296e-01	4.120514156673e-01	-3.796824220478e-02	4.500196578721e-01	-2.439939500384e-01	-4.297910692486e-04	-7.994035733333e-06	-4.011138943844e-03	-2.013563507656e-03	-1.997575436189e-03
378                 	3.627243744414e-01	1.813494708405e-01	1.813749036008e-01	4.212823956659e-01	-4.989367853447e-02	4.711760742004e-01	-2.605348763674e-01	-1.271638014625e-05	1.842941479443e-03	2.535314999439e-03	3.110598979162e-03	-5.752839797229e-04
379                 	3.637343826137e-01	1.821950074719e-01	1.815393751418e-01	4.368587461610e-01	-6.020965116546e-02	4.970683973265e-01	-2.786390242460e-01	3.278161650421e-04	2.736466146315e-03	7.742065941451e-03	6.607499117040e-03	1.134566824410e-03
380                 	3.646866351645e-01	1.827742412835e-01	1.819123938810e-01	4.657751279090e-01	-6.718483677912e-02	5.329599646881e-01	-3.000724007336e-01	4.309237012611e-04	2.655722553578e-03	1.038176131527e-02	7.846603211214e-03	2.535158104058e-03
381                 	3.669447586017e-01	1.838011233126e-01	1.831436352891e-01	5.028291647744e-01	-7.132276854051e-02	5.741519333149e-01	-3.227373509277e-01	3.287440117827e-04	2.384522610887e-03	1.134256034792e-02	8.055802784847e-03	3.286757563073e-03
382                 	3.709474851222e-01	1.856988687241e-01	1.852486163981e-01	5.298386837117e-01	-7.283095423834e-02	6.026696379500e-01	-3.377502960942e-01	2.251261630269e-04	2.578605429675e-03	1.172214360389e-02	8.439677231621e-03	3.282466372272e-03
383                 	3.759161381664e-01	1.881756906388e-01	1.877404475276e-01	5.457521291946e-01	-7.331737340348e-02	6.190695025981e-01	-3.461934380008e-01	2.176215556180e-04	2.906680841039e-03	1.144641479747e-02	8.629888239776e-03	2.816526557697e-03
384                 	3.799823940691e-01	1.901462730827e-01	1.898361209864e-01	5.499874537883e-01	-7.312409278291e-02	6.231115465712e-01	-3.481178196771e-01	1.550760481699e-04	2.980115432407e-03	1.007868034906e-02	8.019455606939e-03	2.059224742124e-03
385                 	3.819368312870e-01	1.909453417656e-01	1.909914895213e-01	5.488958744086e-01	-7.275624180612e-02	6.216521162147e-01	-3.472041790104e-01	-2.307387785728e-05	2.375840736800e-03	6.962170842246e-03	5.856926157923e-03	1.105244684324e-03
386                 	3.814092574550e-01	1.904365954274e-01	1.909726620276e-01	5.452148313128e-01	-7.112417481794e-02	6.163390061307e-01	-3.437315904743e-01	-2.680333000604e-04	1.269376596586e-03	2.698117655945e-03	2.618435424559e-03	7.968223138635e-05
387                 	3.791397740341e-01	1.890691310652e-01	1.900706429689e-01	5.363578675191e-01	-6.712527616661e-02	6.034831436857e-01	-3.353042099262e-01	-5.007559518680e-04	8.866899279148e-06	-1.820448136291e-03	-9.013571688661e-04	-9.190909674244e-04
388                 	3.769836717999e-01	1.878931397961e-01	1.890905320039e-01	5.180242149785e-01	-6.026344230578e-02	5.782876572842e-01	-3.192755497950e-01	-5.986961038975e-04	-9.924655909807e-04	-5.614288278440e-03	-3.799609730201e-03	-1.814678548239e-03
389                 	3.760991165952e-01	1.875487753845e-01	1.885503412107e-01	4.889080177649e-01	-5.087598736778e-02	5.397840051327e-01	-2.953299962502e-01	-5.007829130695e-04	-1.567823905653e-03	-7.960171974593e-03	-5.547909892949e-03	-2.412262081644e-03
390                 	3.756673562860e-01	1.875848311846e-01	1.880825251015e-01	4.502153956402e-01	-4.002283218152e-02	4.902382278218e-01	-2.651305300016e-01	-2.488469584404e-04	-1.761522002607e-03	-8.438463970633e-03	-5.980753987923e-03	-2.457709982709e-03
391                 	3.738830297654e-01	1.869439609548e-01	1.869390688106e-01	4.065105350124e-01	-2.968199253366e-02	4.361925275461e-01	-2.329372600399e-01	2.446072124894e-06	-1.879925824836e-03	-7.220117387036e-03	-5.489984518354e-03	-1.730132868682e-03
392                 	3.695942623561e-01	1.850043445750e-01	1.845899177811e-01	3.637399587066e-01	-2.059390786973e-02	3.843338665764e-01	-2.024638872230e-01	2.072133969613e-04	-1.812904580920e-03	-4.787704630054e-03	-4.206756895947e-03	-5.809477341065e-04
393                 	3.640289317867e-01	1.823385914635e-01	1.816903403232e-01	3.246206696544e-01	-1.254892577958e-02	3.371695954340e-01	-1.748592606068e-01	3.241255701737e-04	-1.439417916497e-03	-1.791343591826e-03	-2.335089712410e-03	5.437461205846e-04
394                 	3.596995969345e-01	1.803029344723e-01	1.793966624622e-01	3.016945911874e-01	-6.122921501842e-03	3.078175126893e-01	-1.569702170956e-01	4.531360050264e-04	-5.017416774315e-04	1.986565911412e-03	4.915412782743e-04	1.495024633137e-03
395                 	3.582628638582e-01	1.797404170276e-01	1.785224468306e-01	2.958206310407e-01	-2.029323843742e-03	2.978499548844e-01	-1.499396393641e-01	6.089850984914e-04	9.695189673599e-04	6.408676391053e-03	4.173857162886e-03	2.234819228167e-03
396                 	3.591372064226e-01	1.802870118343e-01	1.788501945883e-01	2.996384091300e-01	-1.109277670179e-03	3.007476868002e-01	-1.509284822352e-01	7.184086230126e-04	2.474676259487e-03	1.023719289920e-02	7.593272709088e-03	2.643920190115e-03
397                 	3.610373567454e-01	1.812392147067e-01	1.797981420387e-01	3.092110332098e-01	-3.181966234845e-03	3.123929994446e-01	-1.577874828397e-01	7.205363340320e-04	3.355184859778e-03	1.249523456907e-02	9.602802144314e-03	2.892432424758e-03
398                 	3.627371844960e-01	1.820139988071e-01	1.807231856889e-01	3.222198479621e-01	-7.124926221930e-03	3.293447741840e-01	-1.682348502030e-01	6.454065590993e-04	3.170472009931e-03	1.197485977795e-02	9.157901898907e-03	2.816957879045e-03
399                 	3.630604398290e-01	1.820086561814e-01	1.810517836476e-01	3.390830622124e-01	-1.349227666260e-02	3.525753388751e-01	-1.830338077688e-01	4.784362668887e-04	2.019025467008e-03	8.306057144664e-03	6.172054039340e-03	2.134003105324e-03
400                 	3.621154988291e-01	1.812515267724e-01	1.808639720567e-01	3.625735004441e-01	-2.136771416928e-02	3.839412146134e-01	-2.026544643913e-01	1.937773578635e-04	4.395923355642e-05	1.109692904997e-03	5.988056860548e-04	5.108872189420e-04
401                 	3.610322130224e-01	1.803673913484e-01	1.806648216740e-01	3.904324060891e-01	-3.023592075271e-02	4.206683268418e-01	-2.254521237973e-01	-1.487151628190e-04	-2.113139701787e-03	-7.960909281826e-03	-6.093594342701e-03	-1.867314939126e-03
402                 	3.606975491685e-01	1.798735927521e-01	1.808239564164e-01	4.220820578129e-01	-3.935674426027e-02	4.614388020731e-01	-2.503977731667e-01	-4.751818321253e-04	-3.596515046786e-03	-1.526590808803e-02	-1.122946909080e-02	-4.036438997231e-03
403                 	3.613724636228e-01	1.799917829224e-01	1.813806807004e-01	4.563607572836e-01	-4.789667510004e-02	5.042574323836e-01	-2.760770537418e-01	-6.944488890401e-04	-3.918326794759e-03	-1.783702237206e-02	-1.283683798079e-02	-5.000184391270e-03
404                 	3.635605275373e-01	1.810583195800e-01	1.825022079573e-01	4.836769987837e-01	-5.657904919610e-02	5.402560479798e-01	-2.984175485879e-01	-7.219441886981e-04	-3.076581761713e-03	-1.503651628071e-02	-1.059483990207e-02	-4.441676378641e-03
405                 	3.670083389018e-01	1.829460673325e-01	1.840622715693e-01	4.984237800433e-01	-6.557491639257e-02	5.639986964358e-01	-3.147868064142e-01	-5.581021184312e-04	-1.228726947946e-03	-7.800969813018e-03	-5.129211854455e-03	-2.671757958563e-03
406                 	3.710091422271e-01	1.852379050097e-01	1.857712372174e-01	5.022476525158e-01	-7.342530930142e-02	5.756729618172e-01	-3.245491355593e-01	-2.666661038456e-04	1.215943736482e-03	1.692045431813e-03	2.061966452388e-03	-3.699210205751e-04
407                 	3.753396787583e-01	1.877190892239e-01	1.876205895344e-01	5.053814560727e-01	-7.910054825753e-02	5.844820043303e-01	-3.317912762939e-01	4.924984474690e-05	3.666443997091e-03	1.105443593910e-02	9.193661966639e-03	1.860773972457e-03
408                 	3.795379522368e-01	1.900798185002e-01	1.894581337366e-01	5.173379857412e-01	-8.095149490054e-02	5.982894806417e-01	-3.396204877711e-01	3.108423817993e-04	5.188507052565e-03	1.716632492246e-02	1.377166951379e-02	3.394655408664e-03
409                 	3.828000849000e-01	1.919274046723e-01	1.908726802277e-01	5.325644341417e-01	-7.968765422290e-02	6.122520883646e-01	-3.459698712938e-01	5.273622223009e-04	5.465561134210e-03	1.880529571831e-02	1.486820899337e-02	3.937086724945e-03
410                 	3.844722593721e-01	1.930088935934e-01	1.914633657787e-01	5.417579562575e-01	-7.615017136034e-02	6.179081276178e-01	-3.470291494891e-01	7.727639073928e-04	4.288320057361e-03	1.567021105879e-02	1.212342558675e-02	3.546785472032e-03
411                 	3.840475569890e-01	1.930040905674e-01	1.910434664216e-01	5.387937226489e-01	-7.123466093371e-02	6.100283835826e-01	-3.406315222582e-01	9.803120729245e-04	1.801072124264e-03	8.508581681232e-03	6.055362964880e-03	2.453218716352e-03
412                 	3.818350581720e-01	1.918863754635e-01	1.899486827084e-01	5.221807315439e-01	-6.526222920177e-02	5.874429607457e-01	-3.263525949737e-01	9.688463775412e-04	-1.065799025782e-03	-7.373042699507e-04	-1.434451160757e-03	6.971468908068e-04
413                 	3.791977559086e-01	1.902293771849e-01	1.889683787237e-01	4.948626309115e-01	-5.756081980301e-02	5.524234507145e-01	-3.049921352588e-01	6.304992305797e-04	-3.204697937781e-03	-9.277815221549e-03	-7.843605548556e-03	-1.434209672993e-03
414                 	3.766459121358e-01	1.884122628288e-01	1.882336493070e-01	4.616925463715e-01	-4.757994426537e-02	5.092724906369e-01	-2.784262174511e-01	8.930676088701e-05	-3.838030777124e-03	-1.413103157858e-02	-1.090354656642e-02	-3.227485012168e-03
415                 	3.736509925360e-01	1.864472067685e-01	1.872037857674e-01	4.242874604512e-01	-3.645228952293e-02	4.607397499741e-01	-2.485960197485e-01	-3.782894994380e-04	-3.226956853359e-03	-1.466191319078e-02	-1.055791344875e-02	-4.103999742029e-03
416                 	3.695775431792e-01	1.842297184464e-01	1.853478247328e-01	3.845525319463e-01	-2.605123836118e-02	4.106037703075e-01	-2.183275043343e-01	-5.590531431716e-04	-2.208438730074e-03	-1.221710186567e-02	-8.316989662909e-03	-3.900112202760e-03
417                 	3.645971969586e-01	1.819400768892e-01	1.826571200693e-01	3.490744670446e-01	-1.843374419161e-02	3.675082112362e-01	-1.929709777139e-01	-3.585215900428e-04	-1.520516287908e-03	-8.738138971237e-03	-5.889585773527e-03	-2.848553197710e-03
418                 	3.605576140768e-01	1.803378192111e-01	1.802197948657e-01	3.136010472006e-01	-1.290129329934e-02	3.265023405000e-01	-1.697018168997e-01	5.901217267856e-05	-1.044139338525e-03	-4.816675797970e-03	-3.452477237511e-03	-1.364198560460e-03
419                 	3.590683198656e-01	1.799719835426e-01	1.790963363230e-01	2.827847404709e-01	-9.102641669777e-03	2.918873821407e-01	-1.504950119052e-01	4.378236098180e-04	-6.315770622280e-04	-1.091836092634e-03	-1.177495108545e-03	8.565901591115e-05
420                 	3.597056200880e-01	1.804713541158e-01	1.792342659722e-01	2.641762612002e-01	-7.684074046677e-03	2.718603352469e-01	-1.397722046468e-01	6.185440718466e-04	-2.812419394361e-04	1.861419690083e-03	6.494679056053e-04	1.211951784478e-03
421                 	3.613173549085e-01	1.812838088815e-01	1.800335460270e-01	2.658946732602e-01	-8.832807785662e-03	2.747274810459e-01	-1.417801444158e-01	6.251314272902e-04	-1.279042992842e-04	3.795192420080e-03	1.769691910756e-03	2.025500509324e-03
422                 	3.623318390528e-01	1.817634246131e-01	1.805684144397e-01	2.853632240858e-01	-1.172416016984e-02	2.970873842556e-01	-1.544057722127e-01	5.975050866994e-04	-1.082268924110e-04	5.074749127264e-03	2.429147671221e-03	2.645601456043e-03
423                 	3.622556900062e-01	1.817955814306e-01	1.804601085756e-01	3.138279626313e-01	-1.581164945947e-02	3.296396120907e-01	-1.727256307751e-01	6.677364275066e-04	1.098589118764e-04	6.276891291764e-03	3.248304557759e-03	3.028586734006e-03
424                 	3.616390495476e-01	1.816084814291e-01	1.800305681185e-01	3.451265755567e-01	-2.105758972536e-02	3.661841652821e-01	-1.936208775037e-01	7.889566552890e-04	5.261685214116e-04	7.084824064829e-03	4.068580553826e-03	3.016243511003e-03
425                 	3.609631230968e-01	1.812826518107e-01	1.796804712861e-01	3.751583495316e-01	-2.745412782305e-02	4.026124773546e-01	-2.150333025888e-01	8.010902623004e-04	9.392412181906e-04	7.090542478611e-03	4.484512457496e-03	2.606030021115e-03
426                 	3.608684122141e-01	1.810215283603e-01	1.798468838538e-01	4.026885436808e-01	-3.467035675080e-02	4.373589004316e-01	-2.360146285912e-01	5.873222532501e-04	1.043261923643e-03	5.803833374974e-03	3.945178611130e-03	1.858654763844e-03
427                 	3.615339720111e-01	1.809518216616e-01	1.805821503496e-01	4.295607105489e-01	-4.184930044129e-02	4.714100109902e-01	-2.566296557157e-01	1.848356559950e-04	5.334226680661e-04	3.063331314760e-03	2.065088325446e-03	9.982429893138e-04
428                 	3.621393864542e-01	1.808238681502e-01	1.813155183040e-01	4.569035552268e-01	-4.867719933725e-02	5.055807545640e-01	-2.771289769506e-01	-2.458250769352e-04	-4.529095517562e-04	-4.537223649423e-04	-6.797707342273e-04	2.260483692850e-04
429                 	3.630465141191e-01	1.809457045683e-01	1.821008095508e-01	4.873536384648e-01	-5.539723245075e-02	5.427508709155e-01	-2.990740516831e-01	-5.775524912631e-04	-1.646134159869e-03	-4.266600490513e-03	-3.779434405126e-03	-4.871660853868e-04
430                 	3.648096668601e-01	1.817220357489e-01	1.830876311111e-01	5.173870105645e-01	-6.202320844506e-02	5.794102190095e-01	-3.207167137273e-01	-6.827976811053e-04	-2.727507096167e-03	-7.713663864353e-03	-6.584339028344e-03	-1.129324836009e-03
431                 	3.682159826054e-01	1.835291027414e-01	1.846868798640e-01	5.397327955981e-01	-6.794912544115e-02	6.076819210393e-01	-3.378155232402e-01	-5.788885612752e-04	-3.285532748399e-03	-9.753934858083e-03	-8.162500177440e-03	-1.591434680643e-03
432                 	3.733326045430e-01	1.862765170153e-01	1.870560875278e-01	5.513441366179e-01	-7.221132991437e-02	6.235554665322e-01	-3.478833982233e-01	-3.897852562279e-04	-2.927481128712e-03	-9.452923768908e-03	-7.653943013166e-03	-1.798980755742e-03
433                 	3.790101120634e-01	1.893501455207e-01	1.896599665427e-01	5.542329858963e-01	-7.467848390471e-02	6.289114698010e-01	-3.517949768529e-01	-1.549105109678e-04	-1.759296525399e-03	-7.050939600843e-03	-5.284766325820e-03	-1.766173275023e-03
434                 	3.833727440815e-01	1.917463615475e-01	1.916263825340e-01	5.520028626147e-01	-7.580779320760e-02	6.278106558223e-01	-3.518092245150e-01	5.998950675636e-05	-1.368071656096e-04	-2.944755137947e-03	-1.609184734583e-03	-1.335570403364e-03
435                 	3.848458880666e-01	1.926161759159e-01	1.922297121507e-01	5.417667642461e-01	-7.523046924292e-02	6.169972334891e-01	-3.461138513660e-01	1.932318825848e-04	1.396810211736e-03	1.615432194630e-03	2.204526309051e-03	-5.890941144206e-04
436                 	3.836004322963e-01	1.920651963640e-01	1.915352359323e-01	5.270236422588e-01	-7.171456596141e-02	5.987382082202e-01	-3.352263870908e-01	2.649802158283e-04	2.458234113948e-03	5.640665431855e-03	5.278566829875e-03	3.620986019795e-04
437                 	3.811865715544e-01	1.909139274917e-01	1.902726440627e-01	5.087743891293e-01	-6.457951823172e-02	5.733539073610e-01	-3.189667127964e-01	3.206417144721e-04	2.986178106311e-03	8.620981799569e-03	7.296669006095e-03	1.324312793474e-03
438                 	3.795355912737e-01	1.901611975988e-01	1.893743936750e-01	4.848370210885e-01	-5.469543267769e-02	5.395324537662e-01	-2.971139432219e-01	3.934019619102e-04	3.175000678859e-03	1.054503588254e-02	8.447518620128e-03	2.097517262410e-03
439                 	3.785419092530e-01	1.897334433940e-01	1.888084658590e-01	4.555877150856e-01	-4.200224878986e-02	4.975899638754e-01	-2.697961063326e-01	4.624887674831e-04	2.775614585625e-03	1.032600712012e-02	7.938618145686e-03	2.387388974436e-03
440                 	3.765864982937e-01	1.888309449089e-01	1.877555533848e-01	4.194064012484e-01	-2.864251294364e-02	4.480489141920e-01	-2.383457135678e-01	5.376957620402e-04	1.884221918302e-03	8.513617740234e-03	6.141030788419e-03	2.372586951815e-03
441                 	3.719978308503e-01	1.864794595684e-01	1.855183712820e-01	3.829648743092e-01	-1.622424162263e-02	3.991891159318e-01	-2.077066787772e-01	4.805441432120e-04	7.213386850607e-04	5.392158743632e-03	3.417418056877e-03	1.974740686755e-03
442                 	3.653636523332e-01	1.828650209997e-01	1.824986313335e-01	3.510231030003e-01	-6.483552360689e-03	3.575066553610e-01	-1.819951038609e-01	1.831948330563e-04	-5.740916345768e-04	1.006941206607e-03	-7.062103127324e-05	1.077562237880e-03
443                 	3.597157042718e-01	1.796665560625e-01	1.800491482093e-01	3.247619319624e-01	1.306944676054e-05	3.247488625156e-01	-1.623678965344e-01	-1.912960734332e-04	-1.952594281372e-03	-4.636303932786e-03	-4.270746247765e-03	-3.655576850211e-04
444                 	3.576673565045e-01	1.783557693577e-01	1.793115871468e-01	3.069068167206e-01	3.300387186623e-03	3.036064295340e-01	-1.501530211737e-01	-4.779088945942e-04	-3.073112247846e-03	-1.026907024337e-02	-8.207647369532e-03	-2.061422873841e-03
445                 	3.589495342868e-01	1.788608013614e-01	1.800887329254e-01	2.982285194407e-01	2.532569308597e-03	2.956959501321e-01	-1.465816904117e-01	-6.139657820280e-04	-3.403956965629e-03	-1.355787055335e-02	-1.018289224231e-02	-3.374978311048e-03
446                 	3.618508410270e-01	1.803627333805e-01	1.814881076465e-01	2.967545167125e-01	-2.365425977410e-03	2.991199426899e-01	-1.507426843337e-01	-5.626871330005e-04	-2.389880082159e-03	-1.209142202729e-02	-8.435591095803e-03	-3.655830931485e-03
447                 	3.641079623186e-01	1.816696512236e-01	1.824383110950e-01	2.987112020837e-01	-1.043322220086e-02	3.091444242845e-01	-1.597888232427e-01	-3.843299357158e-04	-6.852008334382e-04	-6.942927100150e-03	-4.156664383513e-03	-2.786262716637e-03
448                 	3.649391332980e-01	1.822903649726e-01	1.826487683253e-01	3.082915735687e-01	-1.941839408914e-02	3.277099676578e-01	-1.735641808735e-01	-1.792016763544e-04	1.410352283814e-03	7.575074077176e-04	1.789105987673e-03	-1.031598579955e-03
449                 	3.648974757931e-01	1.823843515892e-01	1.825131242038e-01	3.305359794339e-01	-2.747818579046e-02	3.580141652244e-01	-1.927461755074e-01	-6.438630729832e-05	3.135091208547e-03	8.397849039750e-03	7.334015728422e-03	1.063833311328e-03
450                 	3.644198546409e-01	1.823263344440e-01	1.820935201969e-01	3.649510376889e-01	-3.353324377558e-02	3.984842814645e-01	-2.160087626200e-01	1.164071235108e-04	3.897817794493e-03	1.338143930253e-02	1.058853744576e-02	2.792901856774e-03
451                 	3.639274771297e-01	1.823533244740e-01	1.815741526557e-01	4.035188451641e-01	-3.846767238769e-02	4.419865175518e-01	-2.402270949697e-01	3.895859091886e-04	3.814313238143e-03	1.501890836063e-02	1.132376741846e-02	3.695140942173e-03
452                 	3.636270558396e-01	1.824302889280e-01	1.811967669116e-01	4.382311515793e-01	-4.354948535698e-02	4.817806369363e-01	-2.626650611466e-01	6.167610082223e-04	3.213473520425e-03	1.371744654141e-02	1.007219679113e-02	3.645249750282e-03
453                 	3.631826809393e-01	1.823153764175e-01	1.808673045218e-01	4.679372191654e-01	-4.972292489609e-02	5.176601440615e-01	-2.836915344788e-01	7.240359478759e-04	1.804835829207e-03	9.505225508872e-03	6.557448583643e-03	2.947776925229e-03
454                 	3.628540564615e-01	1.820643531495e-01	1.807897033121e-01	4.915258266452e-01	-5.655616552059e-02	5.480819921658e-01	-3.023190788432e-01	6.373249187012e-04	-3.829194224491e-04	2.718968542081e-03	9.765648485914e-04	1.742403693490e-03
455                 	3.636076304102e-01	1.821280450349e-01	1.814795853753e-01	5.071238804839e-01	-6.259708636666e-02	5.697209668506e-01	-3.161590266086e-01	3.242298297786e-04	-2.633942096041e-03	-4.957019065630e-03	-5.112451628857e-03	1.554325632263e-04
456                 	3.661577923456e-01	1.829532640092e-01	1.832045283364e-01	5.191917538825e-01	-6.691594246236e-02	5.861076963448e-01	-3.265118194036e-01	-1.256321635873e-04	-4.004015300574e-03	-1.099809615211e-02	-9.503063376627e-03	-1.495032775479e-03
457                 	3.702109296465e-01	1.846292602898e-01	1.855816693567e-01	5.301448237741e-01	-6.988372832476e-02	6.000285520989e-01	-3.349561402118e-01	-4.762045334471e-04	-4.042479768906e-03	-1.360929679340e-02	-1.084712816560e-02	-2.762168627793e-03
458                 	3.747629674710e-01	1.867860618492e-01	1.879769056218e-01	5.417262869611e-01	-7.264690320378e-02	6.143731901648e-01	-3.435100466843e-01	-5.954218863215e-04	-2.941378392749e-03	-1.260331698088e-02	-9.243036883191e-03	-3.360280097692e-03
459                 	3.785022436001e-01	1.887607407980e-01	1.897415028021e-01	5.489697990037e-01	-7.470763677487e-02	6.236774357786e-01	-3.491925362767e-01	-4.903810020333e-04	-1.443427360740e-03	-9.286276219900e-03	-6.086565470690e-03	-3.199710749210e-03
460                 	3.806422476064e-01	1.900849977919e-01	1.905572498145e-01	5.433258438180e-01	-7.488563014540e-02	6.182114739634e-01	-3.465485520544e-01	-2.361260113088e-04	-4.124909298401e-04	-5.501121480254e-03	-3.163051669967e-03	-2.338069810287e-03
461                 	3.814613404916e-01	1.907904330391e-01	1.906709074525e-01	5.240858457172e-01	-7.230058186674e-02	5.963864275839e-01	-3.343435047253e-01	5.976279333476e-05	-3.536469875150e-04	-2.747348632402e-03	-1.727321303716e-03	-1.020027328686e-03
462                 	3.814417796799e-01	1.910324712294e-01	1.904093084506e-01	4.984789979109e-01	-6.696391005504e-02	5.654429079659e-01	-3.162034090105e-01	3.115813894138e-04	-9.946614259477e-04	-1.427648603725e-03	-1.708485727810e-03	2.808371240852e-04
463                 	3.811421207710e-01	1.909980960416e-01	1.901440247294e-01	4.658490098690e-01	-5.863077830266e-02	5.244797881716e-01	-2.915552832372e-01	4.270356561247e-04	-1.426532515027e-03	-2.750550431977e-04	-1.564060036626e-03	1.289004993428e-03
464                 	3.796797323179e-01	1.902898148790e-01	1.893899174389e-01	4.313263818315e-01	-4.779879835847e-02	4.791251801900e-01	-2.634619892742e-01	4.499487200077e-04	-9.727645441882e-04	1.946349261943e-03	4.100867834671e-07	1.945939175160e-03
465                 	3.758925128389e-01	1.883826514268e-01	1.875098614122e-01	3.970757149755e-01	-3.519392274626e-02	4.322696377218e-01	-2.337317802340e-01	4.363950072840e-04	2.983179358163e-04	5.306115763943e-03	2.951375817788e-03	2.354739946155e-03
466                 	3.694164766829e-01	1.851655466052e-01	1.842509300778e-01	3.677003615596e-01	-2.262675555841e-02	3.903271171180e-01	-2.064769363382e-01	4.573082637134e-04	1.763283499429e-03	8.579206319194e-03	6.052886659026e-03	2.526319660168e-03
467                 	3.618798311654e-01	1.813975956359e-01	1.804822355295e-01	3.414533555938e-01	-1.091916007539e-02	3.523725156692e-01	-1.816458378723e-01	4.576800531859e-04	2.706743338036e-03	1.031639430544e-02	7.864940490757e-03	2.451453814684e-03
468                 	3.564998052100e-01	1.786048359986e-01	1.778949692114e-01	3.202060362947e-01	-1.885478996690e-03	3.220915152914e-01	-1.619884971441e-01	3.549333936091e-04	2.777433929457e-03	9.723924546761e-03	7.639396202838e-03	2.084528343923e-03
469                 	3.550491333429e-01	1.776497794254e-01	1.773993539174e-01	3.050584403933e-01	3.332819329940e-03	3.017256210633e-01	-1.491964008667e-01	1.252127540109e-04	2.057009385829e-03	6.997291297299e-03	5.555655034478e-03	1.441636262821e-03
470                 	3.564968034444e-01	1.780879909605e-01	1.784088124839e-01	2.990829022173e-01	4.486334903487e-03	2.945965673139e-01	-1.450551162052e-01	-1.604107617056e-04	9.287826397447e-04	3.234281819395e-03	2.545923549442e-03	6.883582699526e-04
471                 	3.588648997417e-01	1.790157156312e-01	1.798491841105e-01	3.041744610270e-01	1.443211635628e-03	3.027312493914e-01	-1.506440188779e-01	-4.167342396234e-04	-3.979008664533e-04	-8.817605736940e-04	-8.387811533003e-04	-4.297942039367e-05
472                 	3.602536019220e-01	1.795422547331e-01	1.807113471889e-01	3.165594933589e-01	-4.405751018405e-03	3.209652443773e-01	-1.626854976979e-01	-5.845462278981e-04	-1.835904018359e-03	-5.107303246894e-03	-4.389555641806e-03	-7.177476050874e-04
473                 	3.606484643604e-01	1.797193207570e-01	1.809291436034e-01	3.345699487041e-01	-1.221581300348e-02	3.467857617076e-01	-1.795007873555e-01	-6.049114232369e-04	-3.082025783729e-03	-8.880834254750e-03	-7.522442911104e-03	-1.358391343646e-03
474                 	3.611620791183e-01	1.800822874712e-01	1.810797916471e-01	3.591644557523e-01	-2.094953252376e-02	3.801139882761e-01	-2.005317603999e-01	-4.987520879681e-04	-3.521925660193e-03	-1.057493430153e-02	-8.809392810960e-03	-1.765541490574e-03
475                 	3.621830805394e-01	1.807714156487e-01	1.814116648907e-01	3.853785833134e-01	-2.997846568671e-02	4.153570490001e-01	-2.226677573434e-01	-3.201246209756e-04	-2.926820671963e-03	-9.478521082937e-03	-7.666081213432e-03	-1.812439869505e-03
476                 	3.638143262408e-01	1.817987217025e-01	1.820156045383e-01	4.130406759782e-01	-3.883674759002e-02	4.518774235683e-01	-2.453570855791e-01	-1.084414178984e-04	-1.558488927852e-03	-5.743207224090e-03	-4.430092539897e-03	-1.313114684193e-03
477                 	3.651839304683e-01	1.826017381980e-01	1.825821922703e-01	4.380108192230e-01	-4.670408896142e-02	4.847149081844e-01	-2.657094985729e-01	9.772963842587e-06	2.601757987976e-05	-9.175992547792e-04	-4.327820475098e-04	-4.848172072694e-04
478                 	3.650483769247e-01	1.825709820870e-01	1.824773948378e-01	4.633607744943e-01	-5.337233439536e-02	5.167331088897e-01	-2.850527216425e-01	4.679362458252e-05	1.310859925784e-03	3.676068601077e-03	3.148894226323e-03	5.271743747546e-04
479                 	3.642729329920e-01	1.822583987858e-01	1.820145342062e-01	4.915243856086e-01	-5.836183539663e-02	5.498862210052e-01	-3.041240282009e-01	1.219322897658e-04	2.314873504715e-03	7.688412373694e-03	6.159079691562e-03	1.529332682132e-03
480                 	3.646831534554e-01	1.825891845914e-01	1.820939688640e-01	5.203130609928e-01	-6.227716264967e-02	5.825902236425e-01	-3.224336931461e-01	2.476078637269e-04	2.656675163470e-03	9.944651623479e-03	7.629000975209e-03	2.315650648270e-03
481                 	3.675863059615e-01	1.841848070678e-01	1.834014988937e-01	5.449280675362e-01	-6.488163842950e-02	6.098097059657e-01	-3.373456721976e-01	3.916540870865e-04	2.120841883998e-03	9.631109345984e-03	6.936396556990e-03	2.694712788994e-03
482                 	3.725003100653e-01	1.867461341627e-01	1.857541759026e-01	5.590796301426e-01	-6.704302746146e-02	6.261226576040e-01	-3.465828425327e-01	4.959791300402e-04	6.474943458992e-04	6.587432497926e-03	3.941210594862e-03	2.646221903064e-03
483                 	3.773258844594e-01	1.891720905070e-01	1.881537939524e-01	5.580010400789e-01	-6.936473865939e-02	6.273657787383e-01	-3.483652586988e-01	5.091482773239e-04	-1.405829595270e-03	1.214812588832e-03	-7.984233008538e-04	2.013235889686e-03
484                 	3.803602871415e-01	1.905614642569e-01	1.897988228845e-01	5.437835149476e-01	-7.137096798061e-02	6.151544829282e-01	-3.432627254544e-01	3.813206862034e-04	-3.423563431564e-03	-5.554189644553e-03	-6.200658253840e-03	6.464686092868e-04
485                 	3.811549930641e-01	1.907124200826e-01	1.904425729816e-01	5.241721341094e-01	-7.154468500889e-02	5.957168191183e-01	-3.336307520636e-01	1.349235504951e-04	-4.662623553723e-03	-1.171920604489e-02	-1.052222657617e-02	-1.196979468724e-03
486                 	3.805553006689e-01	1.901576816326e-01	1.903976190364e-01	5.069134052956e-01	-6.832215909591e-02	5.752355643915e-01	-3.217788617437e-01	-1.199687018848e-04	-4.569793464215e-03	-1.509133699803e-02	-1.211546196323e-02	-2.975875034799e-03
487                 	3.798930059815e-01	1.896416719168e-01	1.902513340647e-01	4.910238455442e-01	-6.154708496178e-02	5.525709305060e-01	-3.070590077339e-01	-3.048310739448e-04	-3.375874839274e-03	-1.489409198802e-02	-1.082292083328e-02	-4.071171154736e-03
488                 	3.799475109342e-01	1.895606125036e-01	1.903868984306e-01	4.684730713763e-01	-5.167733183954e-02	5.201504032158e-01	-2.859138675277e-01	-4.131429635161e-04	-1.705942590958e-03	-1.189034861699e-02	-7.651116899453e-03	-4.239231717537e-03
489                 	3.793863823786e-01	1.893000712403e-01	1.900863111383e-01	4.368274961450e-01	-4.040487175403e-02	4.772323678990e-01	-2.588186198265e-01	-3.931199490340e-04	-1.056338346820e-04	-7.514575253982e-03	-3.862921461673e-03	-3.651653792309e-03
490                 	3.762024958217e-01	1.878509682078e-01	1.883515276140e-01	3.978240688922e-01	-2.894194130058e-02	4.267660101928e-01	-2.278539757467e-01	-2.502797030954e-04	1.334398502680e-03	-2.654419556793e-03	7.188724283336e-06	-2.661608281076e-03
491                 	3.696879331790e-01	1.848119058589e-01	1.848760273202e-01	3.619465670100e-01	-1.844236685737e-02	3.803889338674e-01	-1.994156503624e-01	-3.206073066468e-05	2.544543595678e-03	2.374849308478e-03	3.731968249917e-03	-1.357118941439e-03
492                 	3.621573900182e-01	1.812507813214e-01	1.809066086968e-01	3.360641442399e-01	-9.707603239172e-03	3.457717474790e-01	-1.777396753591e-01	1.720863123196e-04	3.452742837267e-03	6.938552738430e-03	6.922019206482e-03	1.653353194793e-05
493                 	3.568522270231e-01	1.787522110290e-01	1.781000159941e-01	3.191084669864e-01	-3.686632474221e-03	3.227950994606e-01	-1.632408659674e-01	3.260975174638e-04	4.042045926964e-03	1.047049024304e-02	9.277291048486e-03	1.193199194557e-03
494                 	3.552672049939e-01	1.780667748537e-01	1.772004301402e-01	3.085863970321e-01	-7.856485097865e-04	3.093720455419e-01	-1.550788470258e-01	4.331723567381e-04	3.990158651073e-03	1.165628348978e-02	9.818300395960e-03	1.837983093815e-03
495                 	3.563563760261e-01	1.786748339850e-01	1.776815420411e-01	3.046435707580e-01	-1.659509879571e-03	3.063030806376e-01	-1.539812952586e-01	4.966459719360e-04	3.007830109402e-03	9.668579892475e-03	7.842120055640e-03	1.826459836836e-03
496                 	3.583037278926e-01	1.796596919468e-01	1.786440359458e-01	3.101092809319e-01	-5.040030368150e-03	3.151493113000e-01	-1.600946708341e-01	5.078280004567e-04	1.140743055757e-03	4.874800730831e-03	3.578143421172e-03	1.296657309659e-03
497                 	3.593589649321e-01	1.800783452895e-01	1.792806196426e-01	3.232336621742e-01	-9.630535191613e-03	3.328641973658e-01	-1.712473662787e-01	3.988628234394e-04	-9.998977760420e-04	-1.403534267745e-03	-1.701664909914e-03	2.981306421698e-04
498                 	3.591007135335e-01	1.796604481216e-01	1.794402654119e-01	3.439716281822e-01	-1.546798863268e-02	3.594396168149e-01	-1.874538027238e-01	1.100913548682e-04	-2.567941236550e-03	-7.298437864539e-03	-6.217160168819e-03	-1.081277695720e-03
499                 	3.585889456303e-01	1.789899579436e-01	1.795989876866e-01	3.706608170549e-01	-2.230270903733e-02	3.929635260922e-01	-2.076331175648e-01	-3.045148714996e-04	-3.074540049803e-03	-1.142931799263e-02	-8.789199046117e-03	-2.640118946511e-03
500                 	3.584959313336e-01	1.786652318906e-01	1.798306994429e-01	3.974870977253e-01	-3.030020096128e-02	4.277872986866e-01	-2.290437498239e-01	-5.827337761534e-04	-2.675312431672e-03	-1.338370219496e-02	-9.367163529151e-03	-4.016538665807e-03
